[{"id":"CJ7aEv","name":"BJ's Restaurant and Brewery","description":"To brew consistently great beer in a variety of ale and lager styles. That's really what BJ's beer is all about.\r\n\t\r\nAt BJ's we recognize that brewing is both an art and a science.\r\n\r\nWe also respect the vast variety of beer styles that the world has to offer - from the delicate balance of German Kolsch to the robust intensity of Russian Imperial Stout.\r\n\r\nOur Passionate and talented team of brewers strives toward one simple goal: to brew consistently great beer in a variety of ale and lager styles. That's really what BJ's beer is all about.","website":"http://www.bjsrestaurants.com/","established":"1978","isOrganic":"N","images":{"icon":"https://s3.amazonaws.com/brewerydbapi/brewery/CJ7aEv/upload_ahzsfa-icon.png","medium":"https://s3.amazonaws.com/brewerydbapi/brewery/CJ7aEv/upload_ahzsfa-medium.png","large":"https://s3.amazonaws.com/brewerydbapi/brewery/CJ7aEv/upload_ahzsfa-large.png"},"status":"verified","statusDisplay":"Verified","createDate":"2012-01-03 02:41:46","updateDate":"2012-10-22 17:39:17","locations":[{"id":"Lyb8s8","name":"Brea","streetAddress":"600 Brea Mall Drive","locality":"Brea","region":"California","postalCode":"92821","phone":"714-990-2095","hoursOfOperation":"11am-12am Monday-Wednesday \r\n11am-1am Thursday & Friday \r\n10am-1am Saturday \r\n10am-12am Sunday","latitude":33.913603,"longitude":-117.889097,"isPrimary":"Y","inPlanning":"N","isClosed":"N","openToPublic":"Y","locationType":"brewpub","locationTypeDisplay":"Brewpub","countryIsoCode":"US","status":"verified","statusDisplay":"Verified","createDate":"2012-01-03 02:41:46","updateDate":"2014-07-23 19:11:34","country":{"isoCode":"US","name":"UNITED STATES","displayName":"United States","isoThree":"USA","numberCode":840,"createDate":"2012-01-03 02:41:33"}},{"id":"oXpZ0p","name":"Jantzen Beach","streetAddress":"12105 N. Center","locality":"Portland","region":"Oregon","postalCode":"97217","phone":"503-289-5566","website":"http://www.bjsrestaurants.com/","hoursOfOperation":"Sunday-Thursday: 11am-11pm\r\nFriday-Saturday: 11am-12am","latitude":45.6104155,"longitude":-122.6815373,"isPrimary":"N","inPlanning":"N","isClosed":"N","openToPublic":"Y","locationType":"brewpub","locationTypeDisplay":"Brewpub","countryIsoCode":"US","status":"verified","statusDisplay":"Verified","createDate":"2012-01-03 02:42:14","updateDate":"2014-07-23 19:11:34","country":{"isoCode":"US","name":"UNITED STATES","displayName":"United States","isoThree":"USA","numberCode":840,"createDate":"2012-01-03 02:41:33"}},{"id":"ZiSQcf","name":"Cupertino","streetAddress":"10690 N. De Anza Blvd.","locality":"Cupertino","region":"California","postalCode":"95014","phone":"408-865-6970","hoursOfOperation":"Monday-Thursday: 11am-12am\r\nFriday: 11am-1am\r\nSaturday: 10am-1am\r\nSunday: 10am-12am","latitude":37.331435,"longitude":-122.032163,"isPrimary":"N","inPlanning":"N","isClosed":"N","openToPublic":"Y","locationType":"brewpub","locationTypeDisplay":"Brewpub","countryIsoCode":"US","status":"verified","statusDisplay":"Verified","createDate":"2012-01-11 16:46:47","updateDate":"2014-07-23 19:11:34","country":{"isoCode":"US","name":"UNITED STATES","displayName":"United States","isoThree":"USA","numberCode":840,"createDate":"2012-01-03 02:41:33"}},{"id":"qIN2ou","name":"Bj's Grill Anaheim Hills","streetAddress":"8188 E Santa Ana Canyon Road","locality":"Anaheim Hills","region":"California","postalCode":"92808","phone":"714.787.3580","hoursOfOperation":"11am-12am Sunday-Thursday\n11am-1am Friday & Saturday","latitude":33.867516,"longitude":-117.746847,"isPrimary":"N","inPlanning":"N","isClosed":"N","openToPublic":"Y","locationType":"brewpub","locationTypeDisplay":"Brewpub","countryIsoCode":"US","status":"verified","statusDisplay":"Verified","createDate":"2012-04-17 13:20:06","updateDate":"2014-07-23 19:11:34","country":{"isoCode":"US","name":"UNITED STATES","displayName":"United States","isoThree":"USA","numberCode":840,"createDate":"2012-01-03 02:41:33"}},{"id":"Sc5qyL","name":"Arcadia","streetAddress":"400 E. Huntington Ave.","locality":"Arcadia","region":"California","postalCode":"91006","phone":"626.462.1494","hoursOfOperation":"11am-12am Monday-Thursday\n11am-1am Friday\n10am-1am Saturday\n10am-12am Sunday","latitude":34.14016,"longitude":-118.022294,"isPrimary":"N","inPlanning":"N","isClosed":"N","openToPublic":"Y","locationType":"brewpub","locationTypeDisplay":"Brewpub","countryIsoCode":"US","status":"verified","statusDisplay":"Verified","createDate":"2012-04-17 13:20:07","updateDate":"2014-07-23 19:11:34","country":{"isoCode":"US","name":"UNITED STATES","displayName":"United States","isoThree":"USA","numberCode":840,"createDate":"2012-01-03 02:41:33"}},{"id":"4vof7m","name":"Bakersfield","streetAddress":"10750 Stockdale Highway","locality":"Bakersfield","region":"California","postalCode":"93311","phone":"661.241.5115","hoursOfOperation":"11am-12am Monday-Thursday\n11am-1am Friday\n10am-1am Saturday\n10am-12am Sunday","latitude":35.35026,"longitude":-119.120977,"isPrimary":"N","inPlanning":"N","isClosed":"N","openToPublic":"Y","locationType":"brewpub","locationTypeDisplay":"Brewpub","countryIsoCode":"US","status":"verified","statusDisplay":"Verified","createDate":"2012-04-17 13:20:08","updateDate":"2014-07-23 19:11:34","country":{"isoCode":"US","name":"UNITED STATES","displayName":"United States","isoThree":"USA","numberCode":840,"createDate":"2012-01-03 02:41:33"}},{"id":"hFXTHD","name":"Brentwood","streetAddress":"2365 Sand Creek Road","locality":"Brentwood","region":"California","postalCode":"94513","phone":"925.809.1950","hoursOfOperation":"10am-12am Sunday\n11am-12am Monday-Thursday\n11am-1am Friday\n10am-1am Saturday","latitude":37.943617,"longitude":-121.735731,"isPrimary":"N","inPlanning":"N","isClosed":"N","openToPublic":"Y","locationType":"brewpub","locationTypeDisplay":"Brewpub","countryIsoCode":"US","status":"verified","statusDisplay":"Verified","createDate":"2012-04-17 13:20:09","updateDate":"2014-07-23 19:11:34","country":{"isoCode":"US","name":"UNITED STATES","displayName":"United States","isoThree":"USA","numberCode":840,"createDate":"2012-01-03 02:41:33"}},{"id":"JZGHQe","name":"Burbank","streetAddress":"107 South 1st Street","locality":"Burbank","region":"California","postalCode":"91502","phone":"818.557.0881","hoursOfOperation":"11am-12am Monday-Thursday\n11am-1am Friday\n10am-1am Saturday\n10am-12am Sunday","latitude":34.17927,"longitude":-118.309454,"isPrimary":"N","inPlanning":"N","isClosed":"N","openToPublic":"Y","locationType":"brewpub","locationTypeDisplay":"Brewpub","countryIsoCode":"US","status":"verified","statusDisplay":"Verified","createDate":"2012-04-17 13:20:10","updateDate":"2014-07-23 19:11:34","country":{"isoCode":"US","name":"UNITED STATES","displayName":"United States","isoThree":"USA","numberCode":840,"createDate":"2012-01-03 02:41:33"}},{"id":"vsz5a5","name":"Carlsbad","streetAddress":"5613 Paseo Del Norte","locality":"Carlsbad","region":"California","postalCode":"92008","phone":"760.579.4440","hoursOfOperation":"11am-12am Monday-Thursday\n11am-1am Friday\n10am-1am Saturday\n10am-12am Sunday","latitude":33.126304,"longitude":-117.322876,"isPrimary":"N","inPlanning":"N","isClosed":"N","openToPublic":"Y","locationType":"brewpub","locationTypeDisplay":"Brewpub","countryIsoCode":"US","status":"verified","statusDisplay":"Verified","createDate":"2012-04-17 13:20:12","updateDate":"2014-07-23 19:11:34","country":{"isoCode":"US","name":"UNITED STATES","displayName":"United States","isoThree":"USA","numberCode":840,"createDate":"2012-01-03 02:41:33"}},{"id":"YChtjW","name":"Cerritos","streetAddress":"11101 183rd Street","locality":"Cerritos","region":"California","postalCode":"90703","phone":"562.467.0850","hoursOfOperation":"11am-12am Monday-Thursday\n11am-1am Friday\n10am-1am Saturday\n10am-12am Sunday","latitude":33.865709,"longitude":-118.097571,"isPrimary":"N","inPlanning":"N","isClosed":"N","openToPublic":"Y","locationType":"brewpub","locationTypeDisplay":"Brewpub","countryIsoCode":"US","status":"verified","statusDisplay":"Verified","createDate":"2012-04-17 13:20:13","updateDate":"2014-07-23 19:11:34","country":{"isoCode":"US","name":"UNITED STATES","displayName":"United States","isoThree":"USA","numberCode":840,"createDate":"2012-01-03 02:41:33"}},{"id":"AWQhsx","name":"Chino Hills","streetAddress":"4585 Chino Hills Pkwy","locality":"Chino Hills","region":"California","postalCode":"91709","phone":"909.993.5960","hoursOfOperation":"11am-12am Monday-Thursday\n11am-1am Friday\n10am-1am Saturday\n10am-12am Sunday","latitude":33.9827,"longitude":-117.703096,"isPrimary":"N","inPlanning":"N","isClosed":"N","openToPublic":"Y","locationType":"brewpub","locationTypeDisplay":"Brewpub","countryIsoCode":"US","status":"verified","statusDisplay":"Verified","createDate":"2012-04-17 13:20:13","updateDate":"2014-07-23 19:11:34","country":{"isoCode":"US","name":"UNITED STATES","displayName":"United States","isoThree":"USA","numberCode":840,"createDate":"2012-01-03 02:41:33"}},{"id":"mq9W2O","name":"Chula Vista","streetAddress":"555 Broadway","locality":"Chula Vista","region":"California","postalCode":"91910","phone":"619.591.2490","hoursOfOperation":"11am-12am Monday-Thursday\n11am-1am Friday\n10am-1am Saturday\n10am-12am Sunday","latitude":32.629152,"longitude":-117.08874,"isPrimary":"N","inPlanning":"N","isClosed":"N","openToPublic":"Y","locationType":"brewpub","locationTypeDisplay":"Brewpub","countryIsoCode":"US","status":"verified","statusDisplay":"Verified","createDate":"2012-04-17 13:20:14","updateDate":"2014-07-23 19:11:34","country":{"isoCode":"US","name":"UNITED STATES","displayName":"United States","isoThree":"USA","numberCode":840,"createDate":"2012-01-03 02:41:33"}},{"id":"P9sKBp","name":"Puente Hills","streetAddress":"17615 Castleton Street","locality":"City of Industry","region":"California","postalCode":"91748","phone":"626.363.9460","hoursOfOperation":"11am-12am Monday-Thursday\n11am-1am Friday\n10am-1am Saturday\n10am-12am Sunday","latitude":33.993526,"longitude":-117.919455,"isPrimary":"N","inPlanning":"N","isClosed":"N","openToPublic":"Y","locationType":"brewpub","locationTypeDisplay":"Brewpub","countryIsoCode":"US","status":"verified","statusDisplay":"Verified","createDate":"2012-04-17 13:20:15","updateDate":"2014-07-23 19:11:34","country":{"isoCode":"US","name":"UNITED STATES","displayName":"United States","isoThree":"USA","numberCode":840,"createDate":"2012-01-03 02:41:33"}},{"id":"1Tb8LG","name":"Concord","streetAddress":"385 Sun Valley Mall","locality":"Concord","region":"California","postalCode":"94520","phone":"925.849.1090","hoursOfOperation":"11am-12am Monday-Thursday\n11am-1am Friday\n10am-1am Saturday\n10am-12am Sunday","latitude":37.967176,"longitude":-122.06196,"isPrimary":"N","inPlanning":"N","isClosed":"N","openToPublic":"Y","locationType":"brewpub","locationTypeDisplay":"Brewpub","countryIsoCode":"US","status":"verified","statusDisplay":"Verified","createDate":"2012-04-17 13:20:16","updateDate":"2014-07-23 19:11:34","country":{"isoCode":"US","name":"UNITED STATES","displayName":"United States","isoThree":"USA","numberCode":840,"createDate":"2012-01-03 02:41:33"}},{"id":"dnJwUh","name":"Corona","streetAddress":"2520 Tuscany Street","locality":"Corona","region":"California","postalCode":"92881","phone":"951.271.3610","hoursOfOperation":"11am-12am Monday-Thursday\n11am-1am Friday\n10am-1am Saturday\n10am-12am Sunday","latitude":33.824324,"longitude":-117.518189,"isPrimary":"N","inPlanning":"N","isClosed":"N","openToPublic":"Y","locationType":"brewpub","locationTypeDisplay":"Brewpub","countryIsoCode":"US","status":"verified","statusDisplay":"Verified","createDate":"2012-04-17 13:20:17","updateDate":"2014-07-23 19:11:34","country":{"isoCode":"US","name":"UNITED STATES","displayName":"United States","isoThree":"USA","numberCode":840,"createDate":"2012-01-03 02:41:33"}},{"id":"G72ke8","name":"Culver City","streetAddress":"6000 Sepulveda Blvd.","locality":"Culver City","region":"California","postalCode":"90230","phone":"310.574.5170","hoursOfOperation":"11am-12am Monday-Thursday\n11am-1am Friday\n10am-1am Saturday\n10am-12am Sunday","latitude":33.983862,"longitude":-118.395147,"isPrimary":"N","inPlanning":"N","isClosed":"N","openToPublic":"Y","locationType":"brewpub","locationTypeDisplay":"Brewpub","countryIsoCode":"US","status":"verified","statusDisplay":"Verified","createDate":"2012-04-17 13:20:18","updateDate":"2014-07-23 19:11:34","country":{"isoCode":"US","name":"UNITED STATES","displayName":"United States","isoThree":"USA","numberCode":840,"createDate":"2012-01-03 02:41:33"}},{"id":"sQlYnZ","name":"Downey","streetAddress":"121 Stonewood Street","locality":"Downey","region":"California","postalCode":"90241","phone":"562.231.0820","hoursOfOperation":"11am-12am Monday-Thursday\n11am-1am Friday\n10am-1am Saturday\n10am-12am Sunday","latitude":33.937229,"longitude":-118.123018,"isPrimary":"N","inPlanning":"N","isClosed":"N","openToPublic":"Y","locationType":"brewpub","locationTypeDisplay":"Brewpub","countryIsoCode":"US","status":"verified","statusDisplay":"Verified","createDate":"2012-04-17 13:20:19","updateDate":"2014-07-23 19:11:34","country":{"isoCode":"US","name":"UNITED STATES","displayName":"United States","isoThree":"USA","numberCode":840,"createDate":"2012-01-03 02:41:33"}},{"id":"UkUMx0","name":"Elk Grove","streetAddress":"9237 Laguna Springs Drive","locality":"Elk Grove","region":"California","postalCode":"95758","phone":"916.753.1500","hoursOfOperation":"10am-12am Sunday\n11am-12am Monday-Thursday\n11am-1am Friday\n10am-1am Saturday","latitude":38.422175,"longitude":-121.399467,"isPrimary":"N","inPlanning":"N","isClosed":"N","openToPublic":"Y","locationType":"brewpub","locationTypeDisplay":"Brewpub","countryIsoCode":"US","status":"verified","statusDisplay":"Verified","createDate":"2012-04-17 13:20:20","updateDate":"2014-07-23 19:11:34","country":{"isoCode":"US","name":"UNITED STATES","displayName":"United States","isoThree":"USA","numberCode":840,"createDate":"2012-01-03 02:41:33"}},{"id":"74DB6R","name":"Escondido","streetAddress":"204 E. Via Rancho","locality":"Escondido","region":"California","postalCode":"92025","phone":"760.466.0700","hoursOfOperation":"11am-12am Monday-Thursday\n11am-1am Friday\n10am-1am Saturday\n10am-12am Sunday","latitude":33.069033,"longitude":-117.068305,"isPrimary":"N","inPlanning":"N","isClosed":"N","openToPublic":"Y","locationType":"brewpub","locationTypeDisplay":"Brewpub","countryIsoCode":"US","status":"verified","statusDisplay":"Verified","createDate":"2012-04-17 13:20:21","updateDate":"2014-07-23 19:11:34","country":{"isoCode":"US","name":"UNITED STATES","displayName":"United States","isoThree":"USA","numberCode":840,"createDate":"2012-01-03 02:41:33"}},{"id":"jNvzFs","name":"Folsom","streetAddress":"2730 E. Bidwell Street","locality":"Folsom","region":"California","postalCode":"95630","phone":"916.404.2000","hoursOfOperation":"11am-12am Monday-Thursday\n11am-1am Friday\n10am-1am Saturday\n10am-12am Sunday","latitude":38.655811,"longitude":-121.124657,"isPrimary":"N","inPlanning":"N","isClosed":"N","openToPublic":"Y","locationType":"brewpub","locationTypeDisplay":"Brewpub","countryIsoCode":"US","status":"verified","statusDisplay":"Verified","createDate":"2012-04-17 13:20:22","updateDate":"2014-07-23 19:11:34","country":{"isoCode":"US","name":"UNITED STATES","displayName":"United States","isoThree":"USA","numberCode":840,"createDate":"2012-01-03 02:41:33"}},{"id":"LhenPJ","name":"Fresno","streetAddress":"715 E. Shaw","locality":"Fresno","region":"California","postalCode":"93710","phone":"559.570.1900","hoursOfOperation":"11am-12am Monday-Thursday\n11am-1am Friday\n10am-1am Saturday\n10am-12am Sunday","latitude":36.808472,"longitude":-119.774502,"isPrimary":"N","inPlanning":"N","isClosed":"N","openToPublic":"Y","locationType":"brewpub","locationTypeDisplay":"Brewpub","countryIsoCode":"US","status":"verified","statusDisplay":"Verified","createDate":"2012-04-17 13:20:23","updateDate":"2014-07-23 19:11:34","country":{"isoCode":"US","name":"UNITED STATES","displayName":"United States","isoThree":"USA","numberCode":840,"createDate":"2012-01-03 02:41:33"}},{"id":"y1NbYk","name":"Glendale","streetAddress":"101 N. Brand Blvd.","locality":"Glendale","region":"California","postalCode":"91203","phone":"818.844.0160","hoursOfOperation":"11am-12am Monday-Thursday\n11am-1am Friday\n10am-1am Saturday\n10am-12am Sunday","latitude":34.146829,"longitude":-118.255098,"isPrimary":"N","inPlanning":"N","isClosed":"N","openToPublic":"Y","locationType":"brewpub","locationTypeDisplay":"Brewpub","countryIsoCode":"US","status":"verified","statusDisplay":"Verified","createDate":"2012-04-17 13:20:24","updateDate":"2014-07-23 19:11:34","country":{"isoCode":"US","name":"UNITED STATES","displayName":"United States","isoThree":"USA","numberCode":840,"createDate":"2012-01-03 02:41:33"}},{"id":"aL6PiB","name":"Huntington Beach","streetAddress":"16060 Beach Blvd.","locality":"Huntington Beach","region":"California","postalCode":"92647","phone":"714.842.9242","hoursOfOperation":"11am-12am Monday-Thursday\n11am-1am Friday\n10am-1am Saturday\n10am-12am Sunday","latitude":33.729413,"longitude":-117.989178,"isPrimary":"N","inPlanning":"N","isClosed":"N","openToPublic":"Y","locationType":"brewpub","locationTypeDisplay":"Brewpub","countryIsoCode":"US","status":"verified","statusDisplay":"Verified","createDate":"2012-04-17 13:20:25","updateDate":"2014-07-23 19:11:34","country":{"isoCode":"US","name":"UNITED STATES","displayName":"United States","isoThree":"USA","numberCode":840,"createDate":"2012-01-03 02:41:33"}},{"id":"CepDrc","name":"Huntington Beach","streetAddress":"200 Main Street","locality":"Huntington Beach","region":"California","postalCode":"92648","phone":"714.374.2224","hoursOfOperation":"11am-10.30pm Monday-Thursday\n11am-12am Friday\n10am-12am Saturday\n10am-10.30pm Sunday","latitude":33.658123,"longitude":-118.001017,"isPrimary":"N","inPlanning":"N","isClosed":"N","openToPublic":"Y","locationType":"brewpub","locationTypeDisplay":"Brewpub","countryIsoCode":"US","status":"verified","statusDisplay":"Verified","createDate":"2012-04-17 13:20:26","updateDate":"2014-07-23 19:11:34","country":{"isoCode":"US","name":"UNITED STATES","displayName":"United States","isoThree":"USA","numberCode":840,"createDate":"2012-01-03 02:41:33"}},{"id":"oyY213","name":"Irvine","streetAddress":"13130 Jamboree Road","locality":"Irvine","region":"California","postalCode":"92602","phone":"714.665.8595","hoursOfOperation":"11am-12am Monday-Thursday\n11am-1am Friday\n10am-1am Saturday\n10am-12am Sunday","latitude":33.730001,"longitude":-117.787464,"isPrimary":"N","inPlanning":"N","isClosed":"N","openToPublic":"Y","locationType":"brewpub","locationTypeDisplay":"Brewpub","countryIsoCode":"US","status":"verified","statusDisplay":"Verified","createDate":"2012-04-17 13:20:27","updateDate":"2014-07-23 19:11:34","country":{"isoCode":"US","name":"UNITED STATES","displayName":"United States","isoThree":"USA","numberCode":840,"createDate":"2012-01-03 02:41:33"}},{"id":"RIGqAU","name":"Laguna Beach","streetAddress":"280 S. Coast Highway","locality":"Laguna Beach","region":"California","postalCode":"92651","phone":"949.494.3802","hoursOfOperation":"11am-10:30pm Sunday-Thursday\n11am-12am Friday & Saturday","latitude":33.542103,"longitude":-117.783535,"isPrimary":"N","inPlanning":"N","isClosed":"N","openToPublic":"Y","locationType":"brewpub","locationTypeDisplay":"Brewpub","countryIsoCode":"US","status":"verified","statusDisplay":"Verified","createDate":"2012-04-17 13:20:28","updateDate":"2014-07-23 19:11:34","country":{"isoCode":"US","name":"UNITED STATES","displayName":"United States","isoThree":"USA","numberCode":840,"createDate":"2012-01-03 02:41:33"}},{"id":"3bzeJv","name":"Laguna Hills","streetAddress":"24032 El Toro Road","locality":"Laguna Hills","region":"California","postalCode":"92653","phone":"949.900.2670","hoursOfOperation":"11am-12am Monday-Thursday\n11am-1am Friday\n10am-1am Saturday\n10am-12am Sunday","latitude":33.612583,"longitude":-117.711358,"isPrimary":"N","inPlanning":"N","isClosed":"N","openToPublic":"Y","locationType":"brewpub","locationTypeDisplay":"Brewpub","countryIsoCode":"US","status":"verified","statusDisplay":"Verified","createDate":"2012-04-17 13:20:29","updateDate":"2014-07-23 19:11:34","country":{"isoCode":"US","name":"UNITED STATES","displayName":"United States","isoThree":"USA","numberCode":840,"createDate":"2012-01-03 02:41:33"}},{"id":"fviSTM","name":"La Jolla","streetAddress":"8873 Villa La Jolla Dr.","locality":"La Jolla","region":"California","postalCode":"92037","phone":"858.455.0662","hoursOfOperation":"11am-11pm Monday-Thursday\n11am-12am Friday\n10am-12am Saturday\n10am-11pm Sunday","latitude":32.868323,"longitude":-117.233537,"isPrimary":"N","inPlanning":"N","isClosed":"N","openToPublic":"Y","locationType":"brewpub","locationTypeDisplay":"Brewpub","countryIsoCode":"US","status":"verified","statusDisplay":"Verified","createDate":"2012-04-17 13:20:30","updateDate":"2014-07-23 19:11:34","country":{"isoCode":"US","name":"UNITED STATES","displayName":"United States","isoThree":"USA","numberCode":840,"createDate":"2012-01-03 02:41:33"}},{"id":"IFRGcn","name":"La Mesa","streetAddress":"5500 Grossmont Cntr Dr","locality":"La Mesa","region":"California","postalCode":"91941","phone":"619.589.7222","hoursOfOperation":"11am-12am Monday-Thursday\n11am-1am Friday\n10am-1am Saturday\n10am-12am Sunday","latitude":32.77989,"longitude":-117.009641,"isPrimary":"N","inPlanning":"N","isClosed":"N","openToPublic":"Y","locationType":"brewpub","locationTypeDisplay":"Brewpub","countryIsoCode":"US","status":"verified","statusDisplay":"Verified","createDate":"2012-04-17 13:20:31","updateDate":"2014-07-23 19:11:34","country":{"isoCode":"US","name":"UNITED STATES","displayName":"United States","isoThree":"USA","numberCode":840,"createDate":"2012-01-03 02:41:33"}},{"id":"uZA4mE","name":"Belmont Shore","streetAddress":"5258 E. Second Street","locality":"Long Beach","region":"California","postalCode":"90803","phone":"562.439.8181","hoursOfOperation":"11am-11pm Monday-Thursday\n11am-12am Friday\n10am-12am Saturday\n10am-11pm Sunday","latitude":33.75972,"longitude":-118.133727,"isPrimary":"N","inPlanning":"N","isClosed":"N","openToPublic":"Y","locationType":"brewpub","locationTypeDisplay":"Brewpub","countryIsoCode":"US","status":"verified","statusDisplay":"Verified","createDate":"2012-04-17 13:20:32","updateDate":"2014-07-23 19:11:34","country":{"isoCode":"US","name":"UNITED STATES","displayName":"United States","isoThree":"USA","numberCode":840,"createDate":"2012-01-03 02:41:33"}},{"id":"Wsssvf","name":"Century City","streetAddress":"10250 Santa Monica Blvd.","locality":"Los Angeles","region":"California","postalCode":"90067","phone":"310.432.0470","hoursOfOperation":"Monday-Thursday 11am-12am\nFriday 11am-1am\nSaturday 10am-1am\nSunday 10am-12am","latitude":34.060084,"longitude":-118.419845,"isPrimary":"N","inPlanning":"N","isClosed":"N","openToPublic":"Y","locationType":"brewpub","locationTypeDisplay":"Brewpub","countryIsoCode":"US","status":"verified","statusDisplay":"Verified","createDate":"2012-04-17 13:20:33","updateDate":"2014-07-23 19:11:34","country":{"isoCode":"US","name":"UNITED STATES","displayName":"United States","isoThree":"USA","numberCode":840,"createDate":"2012-01-03 02:41:33"}},{"id":"9Cbh56","name":"Modesto","streetAddress":"3401 Dale Road","locality":"Modesto","region":"California","postalCode":"95356","phone":"209.846.6940","hoursOfOperation":"11am-12am Monday-Thursday\n11am-1am Friday\n10am-1am Saturday\n10am-12am Sunday","latitude":37.688297,"longitude":-121.049959,"isPrimary":"N","inPlanning":"N","isClosed":"N","openToPublic":"Y","locationType":"brewpub","locationTypeDisplay":"Brewpub","countryIsoCode":"US","status":"verified","statusDisplay":"Verified","createDate":"2012-04-17 13:20:34","updateDate":"2014-07-23 19:11:34","country":{"isoCode":"US","name":"UNITED STATES","displayName":"United States","isoThree":"USA","numberCode":840,"createDate":"2012-01-03 02:41:33"}},{"id":"lWKVEX","name":"Montebello","streetAddress":"1716 Montebello Town Center","locality":"Montebello","region":"California","postalCode":"90640","phone":"323.201.5290","hoursOfOperation":"11am-12am Monday-Wednesday\n11am- 1am Thursday & Friday\n10am-1am Saturday\n10am-12am Sunday","latitude":34.037469,"longitude":-118.084643,"isPrimary":"N","inPlanning":"N","isClosed":"N","openToPublic":"Y","locationType":"brewpub","locationTypeDisplay":"Brewpub","countryIsoCode":"US","status":"verified","statusDisplay":"Verified","createDate":"2012-04-17 13:20:34","updateDate":"2014-07-23 19:11:34","country":{"isoCode":"US","name":"UNITED STATES","displayName":"United States","isoThree":"USA","numberCode":840,"createDate":"2012-01-03 02:41:33"}},{"id":"Nq3JNy","name":"Moreno Valley","streetAddress":"22920 Centerpoint Drive","locality":"Moreno Valley","region":"California","postalCode":"92553","phone":"951.571.9370","hoursOfOperation":"11am-12am Monday-Thursday\n11am-1am Friday\n10am-1am Saturday\n10am-12am Sunday","latitude":33.938278,"longitude":-117.262651,"isPrimary":"N","inPlanning":"N","isClosed":"N","openToPublic":"Y","locationType":"brewpub","locationTypeDisplay":"Brewpub","countryIsoCode":"US","status":"verified","statusDisplay":"Verified","createDate":"2012-04-17 13:20:35","updateDate":"2014-07-23 19:11:34","country":{"isoCode":"US","name":"UNITED STATES","displayName":"United States","isoThree":"USA","numberCode":840,"createDate":"2012-01-03 02:41:33"}},{"id":"09m7XP","name":"Newark","streetAddress":"5699 Mowry Ave.","locality":"Newark","region":"California","postalCode":"94560","phone":"510.456.3750","hoursOfOperation":"11am-12am Monday-Thursday\n11am-1am Friday\n10am-1am Saturday\n10am-12am Sunday","latitude":37.528023,"longitude":-122.00529,"isPrimary":"N","inPlanning":"N","isClosed":"N","openToPublic":"Y","locationType":"brewpub","locationTypeDisplay":"Brewpub","countryIsoCode":"US","status":"verified","statusDisplay":"Verified","createDate":"2012-04-17 13:20:37","updateDate":"2014-07-23 19:11:34","country":{"isoCode":"US","name":"UNITED STATES","displayName":"United States","isoThree":"USA","numberCode":840,"createDate":"2012-01-03 02:41:33"}},{"id":"cTUvgq","name":"Balboa","streetAddress":"106 Main Street","locality":"Newport Beach","region":"California","postalCode":"92661","phone":"949.675.7560","hoursOfOperation":"11am-10pm Sunday -Thursday\n11am-11pm Friday & Saturday","latitude":33.601156,"longitude":-117.899865,"isPrimary":"N","inPlanning":"N","isClosed":"N","openToPublic":"Y","locationType":"brewpub","locationTypeDisplay":"Brewpub","countryIsoCode":"US","status":"verified","statusDisplay":"Verified","createDate":"2012-04-17 13:20:38","updateDate":"2014-07-23 19:11:34","country":{"isoCode":"US","name":"UNITED STATES","displayName":"United States","isoThree":"USA","numberCode":840,"createDate":"2012-01-03 02:41:33"}},{"id":"EnDjqH","name":"Oxnard","streetAddress":"461 Esplanade Drive","locality":"Oxnard","region":"California","postalCode":"93030","phone":"805.485.1124","hoursOfOperation":"11am-12am Monday-Friday\r\n10am-12am Saturday-Sunday","latitude":34.229619,"longitude":-119.173989,"isPrimary":"N","inPlanning":"N","isClosed":"N","openToPublic":"Y","locationType":"brewpub","locationTypeDisplay":"Brewpub","countryIsoCode":"US","status":"verified","statusDisplay":"Verified","createDate":"2012-04-17 13:20:39","updateDate":"2014-07-23 19:11:34","country":{"isoCode":"US","name":"UNITED STATES","displayName":"United States","isoThree":"USA","numberCode":840,"createDate":"2012-01-03 02:41:33"}},{"id":"r6wXzi","name":"Palmdale","streetAddress":"1325 Rancho Vista Blvd.","locality":"Palmdale","region":"California","postalCode":"93551","phone":"661.538.9040","hoursOfOperation":"11am-12am Monday-Thursday\n11am-1am Friday\n10am-1am Saturday\n10am-12am Sunday","latitude":34.601854,"longitude":-118.154764,"isPrimary":"N","inPlanning":"N","isClosed":"N","openToPublic":"Y","locationType":"brewpub","locationTypeDisplay":"Brewpub","countryIsoCode":"US","status":"verified","statusDisplay":"Verified","createDate":"2012-04-17 13:20:40","updateDate":"2014-07-23 19:11:34","country":{"isoCode":"US","name":"UNITED STATES","displayName":"United States","isoThree":"USA","numberCode":840,"createDate":"2012-01-03 02:41:33"}},{"id":"TQfM99","name":"Rancho Cucamonga","streetAddress":"11520 4th Street","locality":"Rancho Cucamonga","region":"California","postalCode":"91730","phone":"909.581.6750","hoursOfOperation":"11am-12am Monday-Thursday\n11am-1am Friday\n10am-1am Saturday\n10am-12am Sunday","latitude":34.077339,"longitude":-117.55326,"isPrimary":"N","inPlanning":"N","isClosed":"N","openToPublic":"Y","locationType":"brewpub","locationTypeDisplay":"Brewpub","countryIsoCode":"US","status":"verified","statusDisplay":"Verified","createDate":"2012-04-17 13:20:41","updateDate":"2014-07-23 19:11:34","country":{"isoCode":"US","name":"UNITED STATES","displayName":"United States","isoThree":"USA","numberCode":840,"createDate":"2012-01-03 02:41:33"}},{"id":"5kOAIa","name":"Rancho Santa Margarita","streetAddress":"22022 El Paseo","locality":"Rancho Santa Margarita","region":"California","postalCode":"92688","phone":"949.835.1890","hoursOfOperation":"Sunday 10am-12am\nMonday-Thursday 11am-12am\nFriday 11am-12am\nSaturday 10am-1am","latitude":33.643221,"longitude":-117.595032,"isPrimary":"N","inPlanning":"N","isClosed":"N","openToPublic":"Y","locationType":"brewpub","locationTypeDisplay":"Brewpub","countryIsoCode":"US","status":"verified","statusDisplay":"Verified","createDate":"2012-04-17 13:20:42","updateDate":"2014-07-23 19:11:34","country":{"isoCode":"US","name":"UNITED STATES","displayName":"United States","isoThree":"USA","numberCode":840,"createDate":"2012-01-03 02:41:33"}},{"id":"i46yS1","name":"Roseville","streetAddress":"1200 Roseville Parkway","locality":"Roseville","region":"California","postalCode":"95678","phone":"916.580.2100","hoursOfOperation":"10am-12am Sunday\n11am-12am Monday-Thursday\n11am-1am Friday\n10am-1am Saturday","latitude":38.768253,"longitude":-121.264875,"isPrimary":"N","inPlanning":"N","isClosed":"N","openToPublic":"Y","locationType":"brewpub","locationTypeDisplay":"Brewpub","countryIsoCode":"US","status":"verified","statusDisplay":"Verified","createDate":"2012-04-17 13:20:43","updateDate":"2014-07-23 19:11:34","country":{"isoCode":"US","name":"UNITED STATES","displayName":"United States","isoThree":"USA","numberCode":840,"createDate":"2012-01-03 02:41:33"}},{"id":"KNpmbS","name":"Natomas","streetAddress":"3531 N. Freeway Blvd.","locality":"Sacramento","region":"California","postalCode":"95834","phone":"916.570.1327","hoursOfOperation":"11am-12am Sunday-Thursday\n11am-1am Friday & Saturday","latitude":38.639735,"longitude":-121.501589,"isPrimary":"N","inPlanning":"N","isClosed":"N","openToPublic":"Y","locationType":"brewpub","locationTypeDisplay":"Brewpub","countryIsoCode":"US","status":"verified","statusDisplay":"Verified","createDate":"2012-04-17 13:20:45","updateDate":"2014-07-23 19:11:34","country":{"isoCode":"US","name":"UNITED STATES","displayName":"United States","isoThree":"USA","numberCode":840,"createDate":"2012-01-03 02:41:33"}},{"id":"whYakt","name":"Arden Fair","streetAddress":"1689 Arden Way","locality":"Sacramento","region":"California","postalCode":"95815","phone":"916.570.1920","hoursOfOperation":"11am-12am Monday-Thursday\n11am-1am Friday\n10am-1am Saturday\n10am-12am Sunday","latitude":38.599683,"longitude":-121.427008,"isPrimary":"N","inPlanning":"N","isClosed":"N","openToPublic":"Y","locationType":"brewpub","locationTypeDisplay":"Brewpub","countryIsoCode":"US","status":"verified","statusDisplay":"Verified","createDate":"2012-04-17 13:20:46","updateDate":"2014-07-23 19:11:34","country":{"isoCode":"US","name":"UNITED STATES","displayName":"United States","isoThree":"USA","numberCode":840,"createDate":"2012-01-03 02:41:33"}},{"id":"Z1HOuK","name":"Salinas","streetAddress":"1730 North Main Street","locality":"Salinas","region":"California","postalCode":"93906","phone":"831-737-1690","hoursOfOperation":"11:00am-11.00pm Monday-Thursday\n11:00am-12:00am Friday\n10:00am-12:00am Saturday\n10:00am-11:00pm Sunday","latitude":36.715411,"longitude":-121.654916,"isPrimary":"N","inPlanning":"N","isClosed":"N","openToPublic":"Y","locationType":"brewpub","locationTypeDisplay":"Brewpub","countryIsoCode":"US","status":"verified","statusDisplay":"Verified","createDate":"2012-04-17 13:20:47","updateDate":"2014-07-23 19:11:34","country":{"isoCode":"US","name":"UNITED STATES","displayName":"United States","isoThree":"USA","numberCode":840,"createDate":"2012-01-03 02:41:33"}},{"id":"BL0D3l","name":"San Bernardino","streetAddress":"1045 E. Harriman Place","locality":"San Bernardino","region":"California","postalCode":"92408","phone":"909.380.7100","hoursOfOperation":"11am-12am Monday-Thursday\n11am-1am Friday\n10am-1am Saturday\n10am-12am Sunday","latitude":34.066604,"longitude":-117.263976,"isPrimary":"N","inPlanning":"N","isClosed":"N","openToPublic":"Y","locationType":"brewpub","locationTypeDisplay":"Brewpub","countryIsoCode":"US","status":"verified","statusDisplay":"Verified","createDate":"2012-04-17 13:20:48","updateDate":"2014-07-23 19:11:34","country":{"isoCode":"US","name":"UNITED STATES","displayName":"United States","isoThree":"USA","numberCode":840,"createDate":"2012-01-03 02:41:33"}},{"id":"nej1DC","name":"San Bruno","streetAddress":"1150 El Camino Real","locality":"San Bruno","region":"California","postalCode":"94066","phone":"650.243.4530","hoursOfOperation":"11am-12am Monday-Thursday\n11am-1am Friday\n10am -1am Saturday\n10am-12am Sunday","latitude":37.63622,"longitude":-122.420871,"isPrimary":"N","inPlanning":"N","isClosed":"N","openToPublic":"Y","locationType":"brewpub","locationTypeDisplay":"Brewpub","countryIsoCode":"US","status":"verified","statusDisplay":"Verified","createDate":"2012-04-17 13:20:49","updateDate":"2014-07-23 19:11:34","country":{"isoCode":"US","name":"UNITED STATES","displayName":"United States","isoThree":"USA","numberCode":840,"createDate":"2012-01-03 02:41:33"}},{"id":"PyRpMd","name":"San Jose","streetAddress":"925 Blossom Hill Road","locality":"San Jose","region":"California","postalCode":"95123","phone":"408.284.4260","hoursOfOperation":"11am-12am Monday-Thursday\n11am-1am Friday\n10am-1am Saturday\n10am-12am Sunday","latitude":37.250495,"longitude":-121.863312,"isPrimary":"N","inPlanning":"N","isClosed":"N","openToPublic":"Y","locationType":"brewpub","locationTypeDisplay":"Brewpub","countryIsoCode":"US","status":"verified","statusDisplay":"Verified","createDate":"2012-04-17 13:20:50","updateDate":"2014-07-23 19:11:34","country":{"isoCode":"US","name":"UNITED STATES","displayName":"United States","isoThree":"USA","numberCode":840,"createDate":"2012-01-03 02:41:33"}},{"id":"2IAdW4","name":"San Mateo","streetAddress":"2206 Bridgepointe Parkway","locality":"San Mateo","region":"California","postalCode":"94404","phone":"650.931.2990","hoursOfOperation":"11am-12am Monday-Thursday\n11am-1am Friday\n10am -1am Saturday\n10am-12am Sunday","latitude":37.560153,"longitude":-122.284084,"isPrimary":"N","inPlanning":"N","isClosed":"N","openToPublic":"Y","locationType":"brewpub","locationTypeDisplay":"Brewpub","countryIsoCode":"US","status":"verified","statusDisplay":"Verified","createDate":"2012-04-17 13:20:52","updateDate":"2014-07-23 19:11:34","country":{"isoCode":"US","name":"UNITED STATES","displayName":"United States","isoThree":"USA","numberCode":840,"createDate":"2012-01-03 02:41:33"}},{"id":"ebtRfV","name":"San Rafael","streetAddress":"5800 Northgate Mall","locality":"San Rafael","region":"California","postalCode":"94903","phone":"415.755.6250","hoursOfOperation":"11am-12am Monday-Thursday\n11am-11am Friday\n10am-1am Saturday\n10am-11pm Sunday","latitude":38.0029,"longitude":-122.543872,"isPrimary":"N","inPlanning":"N","isClosed":"N","openToPublic":"Y","locationType":"brewpub","locationTypeDisplay":"Brewpub","countryIsoCode":"US","status":"verified","statusDisplay":"Verified","createDate":"2012-04-17 13:20:53","updateDate":"2014-07-23 19:11:34","country":{"isoCode":"US","name":"UNITED STATES","displayName":"United States","isoThree":"USA","numberCode":840,"createDate":"2012-01-03 02:41:33"}},{"id":"GvcFow","name":"Stockton","streetAddress":"5733 Pacific Ave.","locality":"Stockton","region":"California","postalCode":"95207","phone":"209.373.4660","hoursOfOperation":"11am-12am Monday-Thursday\n11am-1am Friday\n10am-1am Saturday\n10am-12am Sunday","latitude":38.002214,"longitude":-121.317111,"isPrimary":"N","inPlanning":"N","isClosed":"N","openToPublic":"Y","locationType":"brewpub","locationTypeDisplay":"Brewpub","countryIsoCode":"US","status":"verified","statusDisplay":"Verified","createDate":"2012-04-17 13:20:54","updateDate":"2014-07-23 19:11:34","country":{"isoCode":"US","name":"UNITED STATES","displayName":"United States","isoThree":"USA","numberCode":840,"createDate":"2012-01-03 02:41:33"}},{"id":"tFL3yN","name":"Temecula","streetAddress":"26500 Ynez Rd","locality":"Temecula","region":"California","postalCode":"92591","phone":"951.252.8370","hoursOfOperation":"11am-12am Monday-Thursday\r\n11am-1am Friday\r\n10am-1am Saturday\r\n10am-12am Sunday","latitude":33.519501,"longitude":-117.155632,"isPrimary":"N","inPlanning":"N","isClosed":"N","openToPublic":"Y","locationType":"brewpub","locationTypeDisplay":"Brewpub","countryIsoCode":"US","status":"verified","statusDisplay":"Verified","createDate":"2012-04-17 13:20:58","updateDate":"2014-07-23 19:11:34","country":{"isoCode":"US","name":"UNITED STATES","displayName":"United States","isoThree":"USA","numberCode":840,"createDate":"2012-01-03 02:41:33"}},{"id":"VZ3s7o","name":"Del Amo","streetAddress":"3525 W. Carson Street","locality":"Torrance","region":"California","postalCode":"90503","phone":"310.802.6440","hoursOfOperation":"11am-12am Monday-Thursday\n11am-1am Friday\n10am-1am Saturday\n10am-12am Sunday","latitude":33.831153,"longitude":-118.347415,"isPrimary":"N","inPlanning":"N","isClosed":"N","openToPublic":"Y","locationType":"brewpub","locationTypeDisplay":"Brewpub","countryIsoCode":"US","status":"verified","statusDisplay":"Verified","createDate":"2012-04-17 13:20:59","updateDate":"2014-07-23 19:11:34","country":{"isoCode":"US","name":"UNITED STATES","displayName":"United States","isoThree":"USA","numberCode":840,"createDate":"2012-01-03 02:41:33"}},{"id":"7smgHF","name":"Vacaville","streetAddress":"190 Nut Tree Parkway","locality":"Vacaville","region":"California","postalCode":"95687","phone":"707.359.2200","hoursOfOperation":"11am-12am Monday-Thursday\n11am-1am Friday\n10am-1am Saturday\n10am-12am Sunday","latitude":38.362388,"longitude":-121.965264,"isPrimary":"N","inPlanning":"N","isClosed":"N","openToPublic":"Y","locationType":"brewpub","locationTypeDisplay":"Brewpub","countryIsoCode":"US","status":"verified","statusDisplay":"Verified","createDate":"2012-04-17 13:21:00","updateDate":"2014-07-23 19:11:34","country":{"isoCode":"US","name":"UNITED STATES","displayName":"United States","isoThree":"USA","numberCode":840,"createDate":"2012-01-03 02:41:33"}},{"id":"kCVUQg","name":"Valencia","streetAddress":"24320 Town Center Dr.","locality":"Valencia","region":"California","postalCode":"91355","phone":"661.288.1299","hoursOfOperation":"11am-12am Monday-Thursday\n11am-1am Friday\n10am-1am Saturday\n10am-12am Sunday","latitude":34.417347,"longitude":-118.560923,"isPrimary":"N","inPlanning":"N","isClosed":"N","openToPublic":"Y","locationType":"brewpub","locationTypeDisplay":"Brewpub","countryIsoCode":"US","status":"verified","statusDisplay":"Verified","createDate":"2012-04-17 13:21:01","updateDate":"2014-07-23 19:11:34","country":{"isoCode":"US","name":"UNITED STATES","displayName":"United States","isoThree":"USA","numberCode":840,"createDate":"2012-01-03 02:41:33"}},{"id":"MWEIa7","name":"West Covina","streetAddress":"2917 Eastland Center Drive","locality":"West Covina","region":"California","postalCode":"91791","phone":"626.858.0054","hoursOfOperation":"11am-12am Monday-Wednesday\n11am-1am Thursday-Friday\n10am-1am Saturday\n10am-12am Sunday","latitude":34.072935,"longitude":-117.884231,"isPrimary":"N","inPlanning":"N","isClosed":"N","openToPublic":"Y","locationType":"brewpub","locationTypeDisplay":"Brewpub","countryIsoCode":"US","status":"verified","statusDisplay":"Verified","createDate":"2012-04-17 13:21:02","updateDate":"2014-07-23 19:11:34","country":{"isoCode":"US","name":"UNITED STATES","displayName":"United States","isoThree":"USA","numberCode":840,"createDate":"2012-01-03 02:41:33"}},{"id":"ypx6jY","name":"Westlake Village","streetAddress":"3955 E. Thousand Oaks Blvd.","locality":"Westlake Village","region":"California","postalCode":"91362","phone":"805.497.9393","hoursOfOperation":"11am-12am Monday-Thursday\n11am-1am Friday\n10am-1am Saturday\n10am-12am Sunday","latitude":34.161977,"longitude":-118.8246,"isPrimary":"N","inPlanning":"N","isClosed":"N","openToPublic":"Y","locationType":"brewpub","locationTypeDisplay":"Brewpub","countryIsoCode":"US","status":"verified","statusDisplay":"Verified","createDate":"2012-04-17 13:21:04","updateDate":"2014-07-23 19:11:34","country":{"isoCode":"US","name":"UNITED STATES","displayName":"United States","isoThree":"USA","numberCode":840,"createDate":"2012-01-03 02:41:33"}},{"id":"b9fusz","name":"Westwood","streetAddress":"939 Broxton Avenue","locality":"Westwood","region":"California","postalCode":"90024","phone":"310.209.7475","hoursOfOperation":"11am-12am Monday-Thursday\n11am-12:30am Friday\n10am-12:30am Saturday\n10am-12am Sunday","latitude":34.063201,"longitude":-118.447047,"isPrimary":"N","inPlanning":"N","isClosed":"N","openToPublic":"Y","locationType":"brewpub","locationTypeDisplay":"Brewpub","countryIsoCode":"US","status":"verified","statusDisplay":"Verified","createDate":"2012-04-17 13:21:05","updateDate":"2014-07-23 19:11:34","country":{"isoCode":"US","name":"UNITED STATES","displayName":"United States","isoThree":"USA","numberCode":840,"createDate":"2012-01-03 02:41:33"}},{"id":"DTOj2Q","name":"Woodland Hills","streetAddress":"6424 Canoga Ave.","locality":"Woodland Hills","region":"California","postalCode":"91367","phone":"818.340.1748","hoursOfOperation":"11am-12am Monday-Thursday\n11am-1am Friday\n10am- 1am Saturday\n10am- 12am Sunday","latitude":34.187214,"longitude":-118.597371,"isPrimary":"N","inPlanning":"N","isClosed":"N","openToPublic":"Y","locationType":"brewpub","locationTypeDisplay":"Brewpub","countryIsoCode":"US","status":"verified","statusDisplay":"Verified","createDate":"2012-04-17 13:21:06","updateDate":"2014-07-23 19:11:34","country":{"isoCode":"US","name":"UNITED STATES","displayName":"United States","isoThree":"USA","numberCode":840,"createDate":"2012-01-03 02:41:33"}},{"id":"pn7XBr","name":"Chandler","streetAddress":"3155 W.Chandler Blvd.","locality":"Chandler","region":"Arizona","postalCode":"85226","phone":"480.917.0631","hoursOfOperation":"11am-12am Monday-Thursday\n11am-1am Friday\n11am-1am Saturday\n11am-11pm Sunday","latitude":33.305684,"longitude":-111.897087,"isPrimary":"N","inPlanning":"N","isClosed":"N","openToPublic":"Y","locationType":"brewpub","locationTypeDisplay":"Brewpub","countryIsoCode":"US","status":"verified","statusDisplay":"Verified","createDate":"2012-04-17 13:21:07","updateDate":"2014-07-23 19:11:34","country":{"isoCode":"US","name":"UNITED STATES","displayName":"United States","isoThree":"USA","numberCode":840,"createDate":"2012-01-03 02:41:33"}},{"id":"S6qLLI","name":"Mesa","streetAddress":"6622 E. Superstition Springs Blvd.","locality":"Mesa","region":"Arizona","postalCode":"85206","phone":"480.324.1675","hoursOfOperation":"11am-12am Monday-Thursday\n11am-1am Friday & Saturday\n11am-11pm Sunday","latitude":33.384877,"longitude":-111.690055,"isPrimary":"N","inPlanning":"N","isClosed":"N","openToPublic":"Y","locationType":"brewpub","locationTypeDisplay":"Brewpub","countryIsoCode":"US","status":"verified","statusDisplay":"Verified","createDate":"2012-04-17 13:21:09","updateDate":"2014-07-23 19:11:34","country":{"isoCode":"US","name":"UNITED STATES","displayName":"United States","isoThree":"USA","numberCode":840,"createDate":"2012-01-03 02:41:33"}},{"id":"4QZ9Uj","name":"Peoria","streetAddress":"9748 W. Northern Ave.","locality":"Peoria","region":"Arizona","postalCode":"85345","phone":"623.772.6470","hoursOfOperation":"11am-11pm Sunday-Thursday\n11am-1am Friday & Saturday","latitude":33.551385,"longitude":-112.270858,"isPrimary":"N","inPlanning":"N","isClosed":"N","openToPublic":"Y","locationType":"brewpub","locationTypeDisplay":"Brewpub","countryIsoCode":"US","status":"verified","statusDisplay":"Verified","createDate":"2012-04-17 13:21:10","updateDate":"2014-07-23 19:11:34","country":{"isoCode":"US","name":"UNITED STATES","displayName":"United States","isoThree":"USA","numberCode":840,"createDate":"2012-01-03 02:41:33"}},{"id":"gkHxeA","name":"Desert Ridge","streetAddress":"21001 North Tatum Blvd.","locality":"Phoenix","region":"Arizona","postalCode":"85050","phone":"480.538.0555","hoursOfOperation":"11am-12am Monday-Thursday\n11am-1am Friday & Saturday\n11am-11pm Sunday","latitude":33.677189,"longitude":-111.977311,"isPrimary":"N","inPlanning":"N","isClosed":"N","openToPublic":"Y","locationType":"brewpub","locationTypeDisplay":"Brewpub","countryIsoCode":"US","status":"verified","statusDisplay":"Verified","createDate":"2012-04-17 13:21:11","updateDate":"2014-07-23 19:11:34","country":{"isoCode":"US","name":"UNITED STATES","displayName":"United States","isoThree":"USA","numberCode":840,"createDate":"2012-01-03 02:41:33"}},{"id":"J40lnb","name":"Tucson","streetAddress":"4270 N. Oracle Road","locality":"Tucson","region":"Arizona","postalCode":"85705","phone":"520.690.1900","hoursOfOperation":"11am-12am Sunday-Thursday\n11am-1am Friday & Saturday","latitude":32.284213,"longitude":-110.978105,"isPrimary":"N","inPlanning":"N","isClosed":"N","openToPublic":"Y","locationType":"brewpub","locationTypeDisplay":"Brewpub","countryIsoCode":"US","status":"verified","statusDisplay":"Verified","createDate":"2012-04-17 13:21:12","updateDate":"2014-07-23 19:11:34","country":{"isoCode":"US","name":"UNITED STATES","displayName":"United States","isoThree":"USA","numberCode":840,"createDate":"2012-01-03 02:41:33"}},{"id":"vNjZx2","name":"Tucson (broadway)","streetAddress":"5510 East Broadway Blvd.","locality":"Tucson","region":"Arizona","postalCode":"85711","phone":"520.512.0330","hoursOfOperation":"11am-12am Sunday-Thursday\n11am-1am Friday & Saturday","latitude":32.221522,"longitude":-110.874571,"isPrimary":"N","inPlanning":"N","isClosed":"N","openToPublic":"Y","locationType":"brewpub","locationTypeDisplay":"Brewpub","countryIsoCode":"US","status":"verified","statusDisplay":"Verified","createDate":"2012-04-17 13:21:13","updateDate":"2014-07-23 19:11:34","country":{"isoCode":"US","name":"UNITED STATES","displayName":"United States","isoThree":"USA","numberCode":840,"createDate":"2012-01-03 02:41:33"}},{"id":"XhSO6T","name":"Aurora","streetAddress":"14442 East Cedar Ave","locality":"Aurora","region":"Colorado","postalCode":"80012","phone":"303.366.3550","hoursOfOperation":"11am-11pm Sunday-Thursday\n11am-1am Friday & Saturday","latitude":39.712955,"longitude":-104.820081,"isPrimary":"N","inPlanning":"N","isClosed":"N","openToPublic":"Y","locationType":"brewpub","locationTypeDisplay":"Brewpub","countryIsoCode":"US","status":"verified","statusDisplay":"Verified","createDate":"2012-04-17 13:21:15","updateDate":"2014-07-23 19:11:34","country":{"isoCode":"US","name":"UNITED STATES","displayName":"United States","isoThree":"USA","numberCode":840,"createDate":"2012-01-03 02:41:33"}},{"id":"A1BCFu","name":"BJ's Restaurant and Brewhouse","streetAddress":"1690 28th St","locality":"Boulder","region":"Colorado","postalCode":"80301","phone":"(303) 440-5200","hoursOfOperation":"11am-10pm Sunday-Thursday\n11am-12am Friday & Saturday","latitude":40.0177527,"longitude":-105.2578141,"isPrimary":"N","inPlanning":"N","isClosed":"N","openToPublic":"Y","locationType":"brewpub","locationTypeDisplay":"Brewpub","countryIsoCode":"US","status":"verified","statusDisplay":"Verified","createDate":"2012-04-17 13:21:16","updateDate":"2014-07-23 19:11:34","country":{"isoCode":"US","name":"UNITED STATES","displayName":"United States","isoThree":"USA","numberCode":840,"createDate":"2012-01-03 02:41:33"}},{"id":"mKu0PL","name":"Colorado Springs","streetAddress":"5150 North Nevada Avenue","locality":"Colorado Springs","region":"Colorado","postalCode":"80918","phone":"719.268.0505","hoursOfOperation":"11am-11pm Sunday-Thursday\n11am-12am Friday & Saturday","latitude":38.904454,"longitude":-104.817249,"isPrimary":"N","inPlanning":"N","isClosed":"N","openToPublic":"Y","locationType":"brewpub","locationTypeDisplay":"Brewpub","countryIsoCode":"US","status":"verified","statusDisplay":"Verified","createDate":"2012-04-17 13:21:17","updateDate":"2014-07-23 19:11:34","country":{"isoCode":"US","name":"UNITED STATES","displayName":"United States","isoThree":"USA","numberCode":840,"createDate":"2012-01-03 02:41:33"}},{"id":"OecoYm","name":"Westminster","streetAddress":"10446 Town Center Drive","locality":"Westminster","region":"Colorado","postalCode":"80021","phone":"303.389.6444","hoursOfOperation":"11am-11pm Sunday-Thursday\n11am-1am Friday & Saturday","latitude":39.887405,"longitude":-105.075618,"isPrimary":"N","inPlanning":"N","isClosed":"N","openToPublic":"Y","locationType":"brewpub","locationTypeDisplay":"Brewpub","countryIsoCode":"US","status":"verified","statusDisplay":"Verified","createDate":"2012-04-17 13:21:18","updateDate":"2014-07-23 19:11:34","country":{"isoCode":"US","name":"UNITED STATES","displayName":"United States","isoThree":"USA","numberCode":840,"createDate":"2012-01-03 02:41:33"}},{"id":"0yLciD","name":"Citrus Park","streetAddress":"8002 Citrus Park Town Center","locality":"Citrus Park","region":"Florida","postalCode":"33625","phone":"813.852.1910","hoursOfOperation":"11am-11pm Monday-Wednesday\n11am-12am Thursday\n11am-1am Friday\n10am-1am Saturday","latitude":28.066625,"longitude":-82.576311,"isPrimary":"N","inPlanning":"N","isClosed":"N","openToPublic":"Y","locationType":"brewpub","locationTypeDisplay":"Brewpub","countryIsoCode":"US","status":"verified","statusDisplay":"Verified","createDate":"2012-04-17 13:21:20","updateDate":"2014-07-23 19:11:34","country":{"isoCode":"US","name":"UNITED STATES","displayName":"United States","isoThree":"USA","numberCode":840,"createDate":"2012-01-03 02:41:33"}},{"id":"dI4Qre","name":"Clearwater","streetAddress":"27001 US Highway 19N","locality":"Clearwater","region":"Florida","postalCode":"33761","phone":"727-726-8855","hoursOfOperation":"11am-12am Sunday-Thursday\n11am-1am Friday & Saturday","latitude":28.017749,"longitude":-82.737598,"isPrimary":"N","inPlanning":"N","isClosed":"N","openToPublic":"Y","locationType":"brewpub","locationTypeDisplay":"Brewpub","countryIsoCode":"US","status":"verified","statusDisplay":"Verified","createDate":"2012-04-17 13:21:21","updateDate":"2014-07-23 19:11:34","country":{"isoCode":"US","name":"UNITED STATES","displayName":"United States","isoThree":"USA","numberCode":840,"createDate":"2012-01-03 02:41:33"}},{"id":"FbnF15","name":"Daytona Beach","streetAddress":"2514 W. International Speedway Blvd.","locality":"Daytona Beach","region":"Florida","postalCode":"32114","phone":"386.226.2005","hoursOfOperation":"11am-12am Sunday-Thursday\n11am-1am Friday & Saturday","latitude":29.179108,"longitude":-81.080809,"isPrimary":"N","inPlanning":"N","isClosed":"N","openToPublic":"Y","locationType":"brewpub","locationTypeDisplay":"Brewpub","countryIsoCode":"US","status":"verified","statusDisplay":"Verified","createDate":"2012-04-17 13:21:22","updateDate":"2014-07-23 19:11:34","country":{"isoCode":"US","name":"UNITED STATES","displayName":"United States","isoThree":"USA","numberCode":840,"createDate":"2012-01-03 02:41:33"}},{"id":"rvW3AW","name":"Gainesville","streetAddress":"6611 W. Newberry Road","locality":"Gainesville","region":"Florida","postalCode":"32605","phone":"352.331.8070","hoursOfOperation":"11am-12am Sunday-Thursday\n11am-1am Friday & Saturday","latitude":29.659571,"longitude":-82.414242,"isPrimary":"N","inPlanning":"N","isClosed":"N","openToPublic":"Y","locationType":"brewpub","locationTypeDisplay":"Brewpub","countryIsoCode":"US","status":"verified","statusDisplay":"Verified","createDate":"2012-04-17 13:21:23","updateDate":"2014-07-23 19:11:34","country":{"isoCode":"US","name":"UNITED STATES","displayName":"United States","isoThree":"USA","numberCode":840,"createDate":"2012-01-03 02:41:33"}},{"id":"UFErJx","name":"Jacksonville","streetAddress":"4907 Gate Parkway","locality":"Jacksonville","region":"Florida","postalCode":"32246","phone":"904.998.0460","hoursOfOperation":"11am-12am Sunday-Thursday\n11am-1am Friday & Saturday","latitude":30.248765,"longitude":-81.535837,"isPrimary":"N","inPlanning":"N","isClosed":"N","openToPublic":"Y","locationType":"brewpub","locationTypeDisplay":"Brewpub","countryIsoCode":"US","status":"verified","statusDisplay":"Verified","createDate":"2012-04-17 13:21:25","updateDate":"2014-07-23 19:11:34","country":{"isoCode":"US","name":"UNITED STATES","displayName":"United States","isoThree":"USA","numberCode":840,"createDate":"2012-01-03 02:41:33"}},{"id":"6YxfTO","name":"Kissimmee","streetAddress":"2421 W. Osceola Parkway","locality":"Kissimmee","region":"Florida","postalCode":"34741","phone":"407.932.5245","hoursOfOperation":"11am-12am Sunday-Thursday\n11am-1am Friday & Saturday","latitude":28.342169,"longitude":-81.427553,"isPrimary":"N","inPlanning":"N","isClosed":"N","openToPublic":"Y","locationType":"brewpub","locationTypeDisplay":"Brewpub","countryIsoCode":"US","status":"verified","statusDisplay":"Verified","createDate":"2012-04-17 13:21:26","updateDate":"2014-07-23 19:11:34","country":{"isoCode":"US","name":"UNITED STATES","displayName":"United States","isoThree":"USA","numberCode":840,"createDate":"2012-01-03 02:41:33"}},{"id":"isgTcp","name":"Millenia Mall","streetAddress":"4151 Conroy Road","locality":"Orlando","region":"Florida","postalCode":"32839","phone":"407.352.0225","hoursOfOperation":"11am-12am Sunday-Thursday\n11am-1am Friday & Saturday","latitude":28.488172,"longitude":-81.428831,"isPrimary":"N","inPlanning":"N","isClosed":"N","openToPublic":"Y","locationType":"brewpub","locationTypeDisplay":"Brewpub","countryIsoCode":"US","status":"verified","statusDisplay":"Verified","createDate":"2012-04-17 13:21:27","updateDate":"2014-07-23 19:11:34","country":{"isoCode":"US","name":"UNITED STATES","displayName":"United States","isoThree":"USA","numberCode":840,"createDate":"2012-01-03 02:41:33"}},{"id":"LCPHmG","name":"Pembroke Pines","streetAddress":"12100 Pines Blvd","locality":"Pembroke Pines","region":"Florida","postalCode":"33026","phone":"954.430.3545","hoursOfOperation":"Sun-Thu 11am-12am\nFri & Sat 11am-1am","latitude":26.007642,"longitude":-80.308917,"isPrimary":"N","inPlanning":"N","isClosed":"N","openToPublic":"Y","locationType":"brewpub","locationTypeDisplay":"Brewpub","countryIsoCode":"US","status":"verified","statusDisplay":"Verified","createDate":"2012-04-17 13:21:29","updateDate":"2014-07-23 19:11:34","country":{"isoCode":"US","name":"UNITED STATES","displayName":"United States","isoThree":"USA","numberCode":840,"createDate":"2012-01-03 02:41:33"}},{"id":"xW85vh","name":"Pinellas Park","streetAddress":"3800 Park Blvd.","locality":"Pinellas Park","region":"Florida","postalCode":"33781","phone":"727.525.4640","hoursOfOperation":"11am-12am Sunday-Thursday\n11am-1am Friday & Saturday","latitude":27.839084,"longitude":-82.686259,"isPrimary":"N","inPlanning":"N","isClosed":"N","openToPublic":"Y","locationType":"brewpub","locationTypeDisplay":"Brewpub","countryIsoCode":"US","status":"verified","statusDisplay":"Verified","createDate":"2012-04-17 13:21:31","updateDate":"2014-07-23 19:11:34","country":{"isoCode":"US","name":"UNITED STATES","displayName":"United States","isoThree":"USA","numberCode":840,"createDate":"2012-01-03 02:41:33"}},{"id":"Zpqu58","name":"Greenwood","streetAddress":"1251 US 31 N","locality":"Greenwood","region":"Indiana","postalCode":"46142","phone":"317. 881.3500","hoursOfOperation":"11am- 11pm Mon- Thurs\n11am- 12am Friday\n10am- 12am Saturday\n10am-10pm Sunday","latitude":39.632699,"longitude":-86.124666,"isPrimary":"N","inPlanning":"N","isClosed":"N","openToPublic":"Y","locationType":"brewpub","locationTypeDisplay":"Brewpub","countryIsoCode":"US","status":"verified","statusDisplay":"Verified","createDate":"2012-04-17 13:21:32","updateDate":"2014-07-23 19:11:34","country":{"isoCode":"US","name":"UNITED STATES","displayName":"United States","isoThree":"USA","numberCode":840,"createDate":"2012-01-03 02:41:33"}},{"id":"C9ZiEZ","name":"Oxmoor","streetAddress":"7900 Shelbyville Road","locality":"Louisville","region":"Kentucky","postalCode":"40222","phone":"502.326.3850","hoursOfOperation":"11am-11pm Monday-Thursday\n11am-12am Friday\n10am-12am Saturday\n10am-10pm Sunday","latitude":38.248877,"longitude":-85.607143,"isPrimary":"N","inPlanning":"N","isClosed":"N","openToPublic":"Y","locationType":"brewpub","locationTypeDisplay":"Brewpub","countryIsoCode":"US","status":"verified","statusDisplay":"Verified","createDate":"2012-04-17 13:21:33","updateDate":"2014-07-23 19:11:34","country":{"isoCode":"US","name":"UNITED STATES","displayName":"United States","isoThree":"USA","numberCode":840,"createDate":"2012-01-03 02:41:33"}},{"id":"oTIWO0","name":"Baton Rouge","streetAddress":"6401 Bluebonnet Blvd.","locality":"Baton Rouge","region":"Louisiana","postalCode":"70836","phone":"225.766.4300","hoursOfOperation":"11am-12am Monday-Thursday\n11am-1am Friday\n10am-1am Saturday\n10am-11pm Sunday","latitude":30.39237,"longitude":-91.090275,"isPrimary":"N","inPlanning":"N","isClosed":"N","openToPublic":"Y","locationType":"brewpub","locationTypeDisplay":"Brewpub","countryIsoCode":"US","status":"verified","statusDisplay":"Verified","createDate":"2012-04-17 13:21:35","updateDate":"2014-07-23 19:11:34","country":{"isoCode":"US","name":"UNITED STATES","displayName":"United States","isoThree":"USA","numberCode":840,"createDate":"2012-01-03 02:41:33"}},{"id":"Qn1KXR","name":"Henderson","streetAddress":"9520 S. Eastern Ave.","locality":"Henderson","region":"Nevada","postalCode":"89123","phone":"702.473.2980","hoursOfOperation":"10am-12am Sunday\n11am-12am Monday-Thursday\n11am-1am Friday\n10am-1am Saturday","latitude":36.015944,"longitude":-115.118662,"isPrimary":"N","inPlanning":"N","isClosed":"N","openToPublic":"Y","locationType":"brewpub","locationTypeDisplay":"Brewpub","countryIsoCode":"US","status":"verified","statusDisplay":"Verified","createDate":"2012-04-17 13:21:36","updateDate":"2014-07-23 19:11:34","country":{"isoCode":"US","name":"UNITED STATES","displayName":"United States","isoThree":"USA","numberCode":840,"createDate":"2012-01-03 02:41:33"}},{"id":"36k8gs","name":"Summerlin","streetAddress":"10840 West Charleston","locality":"Las Vegas","region":"Nevada","postalCode":"89135","phone":"702.853.2300","hoursOfOperation":"11am-11pm Monday-Thursday\n11am-12am Friday\n10am-12am Saturday\n10am-11pm Sunday","latitude":36.159094,"longitude":-115.331551,"isPrimary":"N","inPlanning":"N","isClosed":"N","openToPublic":"Y","locationType":"brewpub","locationTypeDisplay":"Brewpub","countryIsoCode":"US","status":"verified","statusDisplay":"Verified","createDate":"2012-04-17 13:21:37","updateDate":"2014-07-23 19:11:34","country":{"isoCode":"US","name":"UNITED STATES","displayName":"United States","isoThree":"USA","numberCode":840,"createDate":"2012-01-03 02:41:33"}},{"id":"fQSwqJ","name":"Centennial","streetAddress":"5881 Centennial Center Blvd","locality":"Las Vegas","region":"Nevada","postalCode":"89149","phone":"702.851.8050","hoursOfOperation":"Monday-Thursday 11am-11pm\nFriday-11am-12am\nSaturday 10am-12am\nSunday 10am-11pm","latitude":36.269831,"longitude":-115.261133,"isPrimary":"N","inPlanning":"N","isClosed":"N","openToPublic":"Y","locationType":"brewpub","locationTypeDisplay":"Brewpub","countryIsoCode":"US","status":"verified","statusDisplay":"Verified","createDate":"2012-04-17 13:21:39","updateDate":"2014-07-23 19:11:34","country":{"isoCode":"US","name":"UNITED STATES","displayName":"United States","isoThree":"USA","numberCode":840,"createDate":"2012-01-03 02:41:33"}},{"id":"HkBkzk","name":"Reno","streetAddress":"13999 South Virginia","locality":"Reno","region":"Nevada","postalCode":"89511","phone":"775.853.7575","hoursOfOperation":"11am-11pm Monday-Thursday\n11am-1am Friday\n10am-1am Saturday\n10am-11pm Sunday","latitude":39.405466,"longitude":-119.747951,"isPrimary":"N","inPlanning":"N","isClosed":"N","openToPublic":"Y","locationType":"brewpub","locationTypeDisplay":"Brewpub","countryIsoCode":"US","status":"verified","statusDisplay":"Verified","createDate":"2012-04-17 13:21:40","updateDate":"2014-07-23 19:11:34","country":{"isoCode":"US","name":"UNITED STATES","displayName":"United States","isoThree":"USA","numberCode":840,"createDate":"2012-01-03 02:41:33"}},{"id":"u3uZ9B","name":"Sparks","streetAddress":"425 Sparks Blvd.","locality":"Sparks","region":"Nevada","postalCode":"89434","phone":"775.398.3550","hoursOfOperation":"11am-12am Sunday-Thursday\n11am-1am Friday & Saturday","latitude":39.53364,"longitude":-119.715359,"isPrimary":"N","inPlanning":"N","isClosed":"N","openToPublic":"Y","locationType":"brewpub","locationTypeDisplay":"Brewpub","countryIsoCode":"US","status":"verified","statusDisplay":"Verified","createDate":"2012-04-17 13:21:42","updateDate":"2014-07-23 19:11:34","country":{"isoCode":"US","name":"UNITED STATES","displayName":"United States","isoThree":"USA","numberCode":840,"createDate":"2012-01-03 02:41:33"}},{"id":"WNdNIc","name":"Tri-county Mall","streetAddress":"11700 Princeton Pike","locality":"Cincinnati","region":"Ohio","postalCode":"45246","phone":"513.671.1805","hoursOfOperation":"11am-11pm Monday-Thursday\n11am-12am Friday\n10am-12am Saturday\n10am-10pm Sunday","latitude":39.290296,"longitude":-84.46667,"isPrimary":"N","inPlanning":"N","isClosed":"N","openToPublic":"Y","locationType":"brewpub","locationTypeDisplay":"Brewpub","countryIsoCode":"US","status":"verified","statusDisplay":"Verified","createDate":"2012-04-17 13:21:43","updateDate":"2014-07-23 19:11:34","country":{"isoCode":"US","name":"UNITED STATES","displayName":"United States","isoThree":"USA","numberCode":840,"createDate":"2012-01-03 02:41:33"}},{"id":"8hMBS3","name":"Polaris","streetAddress":"1414 Polaris Parkway","locality":"Columbus","region":"Ohio","postalCode":"43240","phone":"614.885.1800","hoursOfOperation":"11am-11pm Monday-Thursday\n11am-1am Friday\n10am-1am Saturday\n10am-11pm Sunday","latitude":40.14144,"longitude":-82.979763,"isPrimary":"N","inPlanning":"N","isClosed":"N","openToPublic":"Y","locationType":"brewpub","locationTypeDisplay":"Brewpub","countryIsoCode":"US","status":"verified","statusDisplay":"Verified","createDate":"2012-04-17 13:21:44","updateDate":"2014-07-23 19:11:34","country":{"isoCode":"US","name":"UNITED STATES","displayName":"United States","isoThree":"USA","numberCode":840,"createDate":"2012-01-03 02:41:33"}},{"id":"l14zbU","name":"Tuttle Crossing","streetAddress":"5141 Tuttle Crossing","locality":"Dublin","region":"Ohio","postalCode":"43016","phone":"614.659.9400","hoursOfOperation":"11am-11pm Sunday-Thursday\n11am-1am Friday & Saturday","latitude":40.076078,"longitude":-83.132435,"isPrimary":"N","inPlanning":"N","isClosed":"N","openToPublic":"Y","locationType":"brewpub","locationTypeDisplay":"Brewpub","countryIsoCode":"US","status":"verified","statusDisplay":"Verified","createDate":"2012-04-17 13:21:46","updateDate":"2014-07-23 19:11:34","country":{"isoCode":"US","name":"UNITED STATES","displayName":"United States","isoThree":"USA","numberCode":840,"createDate":"2012-01-03 02:41:33"}},{"id":"NKnnkv","name":"Norman","streetAddress":"330 Ed Noble Parkway","locality":"Norman","region":"Oklahoma","postalCode":"73072","phone":"405.360.4400","hoursOfOperation":"11am-11pm Sunday-Thursday\n11am-1am Friday & Saturday","latitude":35.214665,"longitude":-97.48586,"isPrimary":"N","inPlanning":"N","isClosed":"N","openToPublic":"Y","locationType":"brewpub","locationTypeDisplay":"Brewpub","countryIsoCode":"US","status":"verified","statusDisplay":"Verified","createDate":"2012-04-17 13:21:47","updateDate":"2014-07-23 19:11:34","country":{"isoCode":"US","name":"UNITED STATES","displayName":"United States","isoThree":"USA","numberCode":840,"createDate":"2012-01-03 02:41:33"}},{"id":"zeWbuM","name":"Oklahoma City","streetAddress":"2425 W. Memorial Road","locality":"Oklahoma City","region":"Oklahoma","postalCode":"73134","phone":"405.748.6770","hoursOfOperation":"11am-11pm Monday-Thursday\n11am-1am Friday\n10am-1am Saturday\n10am-11pm Sunday","latitude":35.609775,"longitude":-97.556372,"isPrimary":"N","inPlanning":"N","isClosed":"N","openToPublic":"Y","locationType":"brewpub","locationTypeDisplay":"Brewpub","countryIsoCode":"US","status":"verified","statusDisplay":"Verified","createDate":"2012-04-17 13:21:48","updateDate":"2014-07-23 19:11:34","country":{"isoCode":"US","name":"UNITED STATES","displayName":"United States","isoThree":"USA","numberCode":840,"createDate":"2012-01-03 02:41:33"}},{"id":"byFQ3n","name":"Valley River","streetAddress":"1080 Valley River Way","locality":"Eugene","region":"Oregon","postalCode":"97401","phone":"541.342.6114","website":"http://www.bjsrestaurants.com/","hoursOfOperation":"Sun:  11:00am - 12:00am\nFri:  11:00am - 1:00am\nSat:  11:00am - 1:00am\nMon:  11:00am - 12:00am\nTue:  11:00am - 12:00am\nWed:  11:00am - 12:00am\nThu:  11:00am - 12:00am\n\n","latitude":44.0695777,"longitude":-123.1035654,"isPrimary":"N","inPlanning":"N","isClosed":"N","openToPublic":"Y","locationType":"brewpub","locationTypeDisplay":"Brewpub","countryIsoCode":"US","status":"verified","statusDisplay":"Verified","createDate":"2012-04-17 13:21:50","updateDate":"2014-07-28 11:53:03","country":{"isoCode":"US","name":"UNITED STATES","displayName":"United States","isoThree":"USA","numberCode":840,"createDate":"2012-01-03 02:41:33"}},{"id":"EHyEDE","name":"Allen","streetAddress":"190 E. Stacy Road","locality":"Allen","region":"Texas","postalCode":"75002","phone":"972.678.4050","hoursOfOperation":"11am-12am Sunday-Thursday\n11am-1am Friday & Saturday","latitude":33.129773,"longitude":-96.654022,"isPrimary":"N","inPlanning":"N","isClosed":"N","openToPublic":"Y","locationType":"brewpub","locationTypeDisplay":"Brewpub","countryIsoCode":"US","status":"verified","statusDisplay":"Verified","createDate":"2012-04-17 13:21:51","updateDate":"2014-07-23 19:11:34","country":{"isoCode":"US","name":"UNITED STATES","displayName":"United States","isoThree":"USA","numberCode":840,"createDate":"2012-01-03 02:41:33"}},{"id":"qbh2Mf","name":"South Arlington","streetAddress":"201 East Interstate 20","locality":"Arlington","region":"Texas","postalCode":"76018","phone":"817.465.5225","hoursOfOperation":"11am-12am Monday-Thursday\n11am-1am Friday\n10am-1am Saturday\n10am-12am Sunday","latitude":32.678817,"longitude":-97.111424,"isPrimary":"N","inPlanning":"N","isClosed":"N","openToPublic":"Y","locationType":"brewpub","locationTypeDisplay":"Brewpub","countryIsoCode":"US","status":"verified","statusDisplay":"Verified","createDate":"2012-04-17 13:21:52","updateDate":"2014-07-23 19:11:34","country":{"isoCode":"US","name":"UNITED STATES","displayName":"United States","isoThree":"USA","numberCode":840,"createDate":"2012-01-03 02:41:33"}},{"id":"SvPqW6","name":"Austin (arbor Walk)","streetAddress":"10515 Mopac Expressway","locality":"Austin","region":"Texas","postalCode":"78759","phone":"512.349.9000","latitude":30.393327,"longitude":-97.732675,"isPrimary":"N","inPlanning":"N","isClosed":"N","openToPublic":"Y","locationType":"brewpub","locationTypeDisplay":"Brewpub","countryIsoCode":"US","status":"verified","statusDisplay":"Verified","createDate":"2012-04-17 13:21:54","updateDate":"2014-07-23 19:11:34","country":{"isoCode":"US","name":"UNITED STATES","displayName":"United States","isoThree":"USA","numberCode":840,"createDate":"2012-01-03 02:41:33"}},{"id":"5F8efX","name":"College Station","streetAddress":"1520 Harvey Road","locality":"College Station","region":"Texas","postalCode":"77598","phone":"979.696.5700","hoursOfOperation":"11am-12am Sunday-Thursday\n11am-1am Friday & Saturday","latitude":30.627809,"longitude":-96.304517,"isPrimary":"N","inPlanning":"N","isClosed":"N","openToPublic":"Y","locationType":"brewpub","locationTypeDisplay":"Brewpub","countryIsoCode":"US","status":"verified","statusDisplay":"Verified","createDate":"2012-04-17 13:21:55","updateDate":"2014-07-23 19:11:34","country":{"isoCode":"US","name":"UNITED STATES","displayName":"United States","isoThree":"USA","numberCode":840,"createDate":"2012-01-03 02:41:33"}},{"id":"hYrSoy","name":"Dallas (addison)","streetAddress":"4901 Belt Line Rd.","locality":"Dallas","region":"Texas","postalCode":"75254","phone":"972.392.4600","hoursOfOperation":"11am-12am Monday-Thursday\n11am-1am Friday\n10am-1am Saturday\n10am-12am Sunday","latitude":32.954179,"longitude":-96.828275,"isPrimary":"N","inPlanning":"N","isClosed":"N","openToPublic":"Y","locationType":"brewpub","locationTypeDisplay":"Brewpub","countryIsoCode":"US","status":"verified","statusDisplay":"Verified","createDate":"2012-04-17 13:21:57","updateDate":"2014-07-23 19:11:34","country":{"isoCode":"US","name":"UNITED STATES","displayName":"United States","isoThree":"USA","numberCode":840,"createDate":"2012-01-03 02:41:33"}},{"id":"JsaGyP","name":"El Paso","streetAddress":"11905 Gateway Blvd.","locality":"El Paso","region":"Texas","postalCode":"79936","phone":"915.633.8300","hoursOfOperation":"11am-12am Sunday-Wednesday\n11am-1am Thursday-Saturday","latitude":31.724366,"longitude":-106.30827,"isPrimary":"N","inPlanning":"N","isClosed":"N","openToPublic":"Y","locationType":"brewpub","locationTypeDisplay":"Brewpub","countryIsoCode":"US","status":"verified","statusDisplay":"Verified","createDate":"2012-04-17 13:21:58","updateDate":"2014-07-23 19:11:34","country":{"isoCode":"US","name":"UNITED STATES","displayName":"United States","isoThree":"USA","numberCode":840,"createDate":"2012-01-03 02:41:33"}},{"id":"wCJ57q","name":"Fort Worth (alliance)","streetAddress":"9401 Sage Meadow Trail","locality":"Fort Worth","region":"Texas","postalCode":"76177","phone":"817.750.0005","hoursOfOperation":"11am-12am Sunday-Thursday\n11am-1am Friday & Saturday","latitude":32.907468,"longitude":-97.315302,"isPrimary":"N","inPlanning":"N","isClosed":"N","openToPublic":"Y","locationType":"brewpub","locationTypeDisplay":"Brewpub","countryIsoCode":"US","status":"verified","statusDisplay":"Verified","createDate":"2012-04-17 13:21:59","updateDate":"2014-07-23 19:11:34","country":{"isoCode":"US","name":"UNITED STATES","displayName":"United States","isoThree":"USA","numberCode":840,"createDate":"2012-01-03 02:41:33"}},{"id":"YW1tHH","name":"Fort Worth (hulen Mall)","streetAddress":"4720 South Hulen Street","locality":"Fort Worth","region":"Texas","postalCode":"76132","phone":"817.292.9200","hoursOfOperation":"11am-12am Monday-Thursday\n11am-1am Friday\n10am-1am Saturday\n10am-12am Sunday","latitude":32.678479,"longitude":-97.394832,"isPrimary":"N","inPlanning":"N","isClosed":"N","openToPublic":"Y","locationType":"brewpub","locationTypeDisplay":"Brewpub","countryIsoCode":"US","status":"verified","statusDisplay":"Verified","createDate":"2012-04-17 13:22:01","updateDate":"2014-07-23 19:11:34","country":{"isoCode":"US","name":"UNITED STATES","displayName":"United States","isoThree":"USA","numberCode":840,"createDate":"2012-01-03 02:41:33"}},{"id":"ApkhQi","name":"Houston (willowbrook)","streetAddress":"7637 FM 1960 West","locality":"Houston","region":"Texas","postalCode":"77070","phone":"281.477.8777","hoursOfOperation":"11am-12am Monday-Thursday\n11am-1am Friday\n10am-1am Saturday\n10am-12am Sunday","latitude":29.963375,"longitude":-95.54407,"isPrimary":"N","inPlanning":"N","isClosed":"N","openToPublic":"Y","locationType":"brewpub","locationTypeDisplay":"Brewpub","countryIsoCode":"US","status":"verified","statusDisplay":"Verified","createDate":"2012-04-17 13:22:02","updateDate":"2014-07-23 19:11:34","country":{"isoCode":"US","name":"UNITED STATES","displayName":"United States","isoThree":"USA","numberCode":840,"createDate":"2012-01-03 02:41:33"}},{"id":"n9TVa9","name":"Hurst","streetAddress":"952 North East Loop 820","locality":"Hurst","region":"Texas","postalCode":"76053","phone":"817.595.3705","hoursOfOperation":"11am - 12am Monday-Thursday\n11am - 1am Friday\n10am-1am Saturday\n10am-12am Sunday","latitude":32.826077,"longitude":-97.204748,"isPrimary":"N","inPlanning":"N","isClosed":"N","openToPublic":"Y","locationType":"brewpub","locationTypeDisplay":"Brewpub","countryIsoCode":"US","status":"verified","statusDisplay":"Verified","createDate":"2012-04-17 13:22:05","updateDate":"2014-07-23 19:11:34","country":{"isoCode":"US","name":"UNITED STATES","displayName":"United States","isoThree":"USA","numberCode":840,"createDate":"2012-01-03 02:41:33"}},{"id":"PTCJja","name":"Lewisville","streetAddress":"2609 S. Stemmons","locality":"Lewisville","region":"Texas","postalCode":"75067","phone":"972.459.9700","hoursOfOperation":"11am-12am Monday-Thursday\n11am-1am Friday\n10am-1am Saturday\n10am-12am Sunday","latitude":33.00059,"longitude":-96.961807,"isPrimary":"N","inPlanning":"N","isClosed":"N","openToPublic":"Y","locationType":"brewpub","locationTypeDisplay":"Brewpub","countryIsoCode":"US","status":"verified","statusDisplay":"Verified","createDate":"2012-04-17 13:22:06","updateDate":"2014-07-23 19:11:34","country":{"isoCode":"US","name":"UNITED STATES","displayName":"United States","isoThree":"USA","numberCode":840,"createDate":"2012-01-03 02:41:33"}},{"id":"1mv7t1","name":"Mcallen","streetAddress":"3200 Expressway 83","locality":"McAllen","region":"Texas","postalCode":"78501","phone":"956.687.2005","hoursOfOperation":"11am-12am Sunday-Thursday\n11am-1am Friday-Saturday","latitude":26.19631,"longitude":-98.204722,"isPrimary":"N","inPlanning":"N","isClosed":"N","openToPublic":"Y","locationType":"brewpub","locationTypeDisplay":"Brewpub","countryIsoCode":"US","status":"verified","statusDisplay":"Verified","createDate":"2012-04-17 13:22:08","updateDate":"2014-07-23 19:11:34","country":{"isoCode":"US","name":"UNITED STATES","displayName":"United States","isoThree":"USA","numberCode":840,"createDate":"2012-01-03 02:41:33"}},{"id":"e6dw2S","name":"Mesquite","streetAddress":"1106 Town East Mall","locality":"Mesquite","region":"Texas","postalCode":"75150","phone":"972.682.5800","hoursOfOperation":"11am-11pm Sunday-Thursday\n11am-12am Friday\n10am-12am Saturday","latitude":32.809679,"longitude":-96.623076,"isPrimary":"N","inPlanning":"N","isClosed":"N","openToPublic":"Y","locationType":"brewpub","locationTypeDisplay":"Brewpub","countryIsoCode":"US","status":"verified","statusDisplay":"Verified","createDate":"2012-04-17 13:22:09","updateDate":"2014-07-23 19:11:34","country":{"isoCode":"US","name":"UNITED STATES","displayName":"United States","isoThree":"USA","numberCode":840,"createDate":"2012-01-03 02:41:33"}},{"id":"GQMkBt","name":"Pearland","streetAddress":"11200 Broadway","locality":"Pearland","region":"Texas","postalCode":"77584","phone":"713.436.7805","hoursOfOperation":"11am-12am Monday-Thursday\n11am-1am Friday\n10am-1am Saturday\n10am-12am Sunday","latitude":29.555645,"longitude":-95.395167,"isPrimary":"N","inPlanning":"N","isClosed":"N","openToPublic":"Y","locationType":"brewpub","locationTypeDisplay":"Brewpub","countryIsoCode":"US","status":"verified","statusDisplay":"Verified","createDate":"2012-04-17 13:22:11","updateDate":"2014-07-23 19:11:34","country":{"isoCode":"US","name":"UNITED STATES","displayName":"United States","isoThree":"USA","numberCode":840,"createDate":"2012-01-03 02:41:33"}},{"id":"sk5YLK","name":"Plano","streetAddress":"1101 N. Central Expressway","locality":"Plano","region":"Texas","postalCode":"75075","phone":"972.424.4262","hoursOfOperation":"11am-12am Monday-Friday\n10am-1am Saturday\n10am-12am Sunday","latitude":33.017364,"longitude":-96.709187,"isPrimary":"N","inPlanning":"N","isClosed":"N","openToPublic":"Y","locationType":"brewpub","locationTypeDisplay":"Brewpub","countryIsoCode":"US","status":"verified","statusDisplay":"Verified","createDate":"2012-04-17 13:22:13","updateDate":"2014-07-23 19:11:34","country":{"isoCode":"US","name":"UNITED STATES","displayName":"United States","isoThree":"USA","numberCode":840,"createDate":"2012-01-03 02:41:33"}},{"id":"V3oMUl","name":"San Antonio (the Rim)","streetAddress":"17503 IH 10 W","locality":"San Antonio","region":"Texas","postalCode":"78257","phone":"210.690.2600","hoursOfOperation":"11am-12am Sunday-Thursday\n11am-1am Friday & Saturday","latitude":29.607184,"longitude":-98.601724,"isPrimary":"N","inPlanning":"N","isClosed":"N","openToPublic":"Y","locationType":"brewpub","locationTypeDisplay":"Brewpub","countryIsoCode":"US","status":"verified","statusDisplay":"Verified","createDate":"2012-04-17 13:22:15","updateDate":"2014-07-23 19:11:34","country":{"isoCode":"US","name":"UNITED STATES","displayName":"United States","isoThree":"USA","numberCode":840,"createDate":"2012-01-03 02:41:33"}},{"id":"7NXAeC","name":"San Antonio (stone Oak)","streetAddress":"22410 U.S. Highway 281 North","locality":"San Antonio","region":"Texas","postalCode":"78259","phone":"210.497.6070","hoursOfOperation":"11am-12am Monday-Thursday\n11am-1am Friday\n10am-1am Saturday\n10am-12am Sunday","latitude":29.645544,"longitude":-98.45185,"isPrimary":"N","inPlanning":"N","isClosed":"N","openToPublic":"Y","locationType":"brewpub","locationTypeDisplay":"Brewpub","countryIsoCode":"US","status":"verified","statusDisplay":"Verified","createDate":"2012-04-17 13:22:17","updateDate":"2014-07-23 19:11:34","country":{"isoCode":"US","name":"UNITED STATES","displayName":"United States","isoThree":"USA","numberCode":840,"createDate":"2012-01-03 02:41:33"}},{"id":"jhFynd","name":"San Antonio (alamo Ranch)","streetAddress":"5447 W. Loop 1604 North","locality":"San Antonio","region":"Texas","postalCode":"78253","phone":"210.523.5700","hoursOfOperation":"11am-12am Sunday-Thursday\n11am-1am Friday\n11am-1am Saturday","latitude":29.487547,"longitude":-98.709037,"isPrimary":"N","inPlanning":"N","isClosed":"N","openToPublic":"Y","locationType":"brewpub","locationTypeDisplay":"Brewpub","countryIsoCode":"US","status":"verified","statusDisplay":"Verified","createDate":"2012-04-17 13:22:19","updateDate":"2014-07-23 19:11:34","country":{"isoCode":"US","name":"UNITED STATES","displayName":"United States","isoThree":"USA","numberCode":840,"createDate":"2012-01-03 02:41:33"}},{"id":"M0ymx4","name":"Shenandoah","streetAddress":"19075 IH-45 South","locality":"Shenandoah","region":"Texas","postalCode":"77385","phone":"936.273.7100","hoursOfOperation":"Sunday 10am-12am\nMonday-Thursday 11am-12am\nFriday 11am-1am\nSaturday 10am-1am","latitude":30.184891,"longitude":-95.452007,"isPrimary":"N","inPlanning":"N","isClosed":"N","openToPublic":"Y","locationType":"brewpub","locationTypeDisplay":"Brewpub","countryIsoCode":"US","status":"verified","statusDisplay":"Verified","createDate":"2012-04-17 13:22:21","updateDate":"2014-07-23 19:11:34","country":{"isoCode":"US","name":"UNITED STATES","displayName":"United States","isoThree":"USA","numberCode":840,"createDate":"2012-01-03 02:41:33"}},{"id":"yKhb6V","name":"Sugar Land","streetAddress":"2231 State Highway 6","locality":"Sugar Land","region":"Texas","postalCode":"77478","phone":"281.242.0400","hoursOfOperation":"11am-12am Monday-Thursday\n11am-1am Friday\n10am-1am Saturday\n10am-12am Sunday","latitude":29.597592,"longitude":-95.619942,"isPrimary":"N","inPlanning":"N","isClosed":"N","openToPublic":"Y","locationType":"brewpub","locationTypeDisplay":"Brewpub","countryIsoCode":"US","status":"verified","statusDisplay":"Verified","createDate":"2012-04-17 13:22:22","updateDate":"2014-07-23 19:11:34","country":{"isoCode":"US","name":"UNITED STATES","displayName":"United States","isoThree":"USA","numberCode":840,"createDate":"2012-01-03 02:41:33"}},{"id":"aeQPFw","name":"Sunset Valley","streetAddress":"5207 Brodie Lane","locality":"Sunset Valley","region":"Texas","postalCode":"78745","phone":"512.892.3800","hoursOfOperation":"11am-12am Monday-Thursday\n11am-1am Friday\n10am-1am Saturday\n10am-10pm Sunday","latitude":30.231372,"longitude":-97.819049,"isPrimary":"N","inPlanning":"N","isClosed":"N","openToPublic":"Y","locationType":"brewpub","locationTypeDisplay":"Brewpub","countryIsoCode":"US","status":"verified","statusDisplay":"Verified","createDate":"2012-04-17 13:22:24","updateDate":"2014-07-23 19:11:34","country":{"isoCode":"US","name":"UNITED STATES","displayName":"United States","isoThree":"USA","numberCode":840,"createDate":"2012-01-03 02:41:33"}},{"id":"Cy9DPN","name":"Temple","streetAddress":"3550 S. General Bruce Drive","locality":"Temple","region":"Texas","postalCode":"76504","phone":"254.778.3300","hoursOfOperation":"11am-12am Monday-Thursday\n11am-1am Friday\n10am-1am Saturday\n9am-10pm Sunday","latitude":31.091846,"longitude":-97.38422,"isPrimary":"N","inPlanning":"N","isClosed":"N","openToPublic":"Y","locationType":"brewpub","locationTypeDisplay":"Brewpub","countryIsoCode":"US","status":"verified","statusDisplay":"Verified","createDate":"2012-04-17 13:22:25","updateDate":"2014-07-23 19:11:34","country":{"isoCode":"US","name":"UNITED STATES","displayName":"United States","isoThree":"USA","numberCode":840,"createDate":"2012-01-03 02:41:33"}},{"id":"pHs1Yo","name":"Tyler","streetAddress":"210 W Southwest Loop 323","locality":"Tyler","region":"Texas","postalCode":"75703","phone":"903.939.2840","hoursOfOperation":"11am-12am Sunday-Thursday\n11am-12am Friday\n10am-1am Saturday","latitude":32.302886,"longitude":-95.302098,"isPrimary":"N","inPlanning":"N","isClosed":"N","openToPublic":"Y","locationType":"brewpub","locationTypeDisplay":"Brewpub","countryIsoCode":"US","status":"verified","statusDisplay":"Verified","createDate":"2012-04-17 13:22:27","updateDate":"2014-07-23 19:11:34","country":{"isoCode":"US","name":"UNITED STATES","displayName":"United States","isoThree":"USA","numberCode":840,"createDate":"2012-01-03 02:41:33"}},{"id":"RbapiF","name":"Clear Lake","streetAddress":"515 W. Bay Area Blvd.","locality":"Webster","region":"Texas","postalCode":"77598","phone":"281.316.3037","hoursOfOperation":"11am-12am Monday-Thursday\n11am-1am Friday\n10am-1am Saturday\n10am-12am Sunday","latitude":29.545391,"longitude":-95.133103,"isPrimary":"N","inPlanning":"N","isClosed":"N","openToPublic":"Y","locationType":"brewpub","locationTypeDisplay":"Brewpub","countryIsoCode":"US","status":"verified","statusDisplay":"Verified","createDate":"2012-04-17 13:22:28","updateDate":"2014-07-23 19:11:34","country":{"isoCode":"US","name":"UNITED STATES","displayName":"United States","isoThree":"USA","numberCode":840,"createDate":"2012-01-03 02:41:33"}},{"id":"3vJdrg","name":"Tacoma","streetAddress":"4502 S. Steele St.","locality":"Tacoma","region":"Washington","postalCode":"98409","phone":"253.472.1220","hoursOfOperation":"11am-12am Monday-Saturday\n11am-11pm Sunday","latitude":47.217888,"longitude":-122.467663,"isPrimary":"N","inPlanning":"N","isClosed":"N","openToPublic":"Y","locationType":"brewpub","locationTypeDisplay":"Brewpub","countryIsoCode":"US","status":"verified","statusDisplay":"Verified","createDate":"2012-04-17 13:22:30","updateDate":"2014-07-23 19:11:34","country":{"isoCode":"US","name":"UNITED STATES","displayName":"United States","isoThree":"USA","numberCode":840,"createDate":"2012-01-03 02:41:33"}},{"id":"gF2S17","name":"Southcenter","streetAddress":"1159 Southcenter Mall","locality":"Tukwila","region":"Washington","postalCode":"98188","phone":"206.439.7500","hoursOfOperation":"11am-12am Monday-Sunday","latitude":47.459236,"longitude":-122.255538,"isPrimary":"N","inPlanning":"N","isClosed":"N","openToPublic":"Y","locationType":"brewpub","locationTypeDisplay":"Brewpub","countryIsoCode":"US","status":"verified","statusDisplay":"Verified","createDate":"2012-04-17 13:22:32","updateDate":"2014-07-23 19:11:34","country":{"isoCode":"US","name":"UNITED STATES","displayName":"United States","isoThree":"USA","numberCode":840,"createDate":"2012-01-03 02:41:33"}},{"id":"ydXntY","name":"Main Brewery","streetAddress":"3350 Six Forks Rd","locality":"Raleigh","region":"North Carolina","postalCode":"27609","latitude":35.826957,"longitude":-78.6326015,"isPrimary":"N","inPlanning":"N","isClosed":"N","openToPublic":"Y","locationType":"micro","locationTypeDisplay":"Micro Brewery","countryIsoCode":"US","status":"deleted","statusDisplay":"Deleted","createDate":"2014-08-07 14:43:33","updateDate":"2014-08-07 14:43:49","country":{"isoCode":"US","name":"UNITED STATES","displayName":"United States","isoThree":"USA","numberCode":840,"createDate":"2012-01-03 02:41:33"}},{"id":"axGc2z","name":"Main Brewery","streetAddress":"3350 Six Forks Rd","locality":"Raleigh","region":"North Carolina","postalCode":"27609","latitude":35.826957,"longitude":-78.6326015,"isPrimary":"N","inPlanning":"Y","isClosed":"N","openToPublic":"N","locationType":"micro","locationTypeDisplay":"Micro Brewery","countryIsoCode":"US","status":"deleted","statusDisplay":"Deleted","createDate":"2014-08-07 18:32:58","updateDate":"2014-08-08 10:30:18","country":{"isoCode":"US","name":"UNITED STATES","displayName":"United States","isoThree":"USA","numberCode":840,"createDate":"2012-01-03 02:41:33"}}]},{"id":"wmZQ8Q","name":"Dux de Lux","description":"Founded in 1978 (Christchurch) and owned by the Sinke Family, the Dux de Lux has expanded throughout the years to provide the widest spectrum of hospitality available in one unique and historic setting, and recently now in two destinations - Christchurch and Queenstown.\r\n\r\nComing into it's sixth year, Queenstown Dux de Lux specialises in New Zealand produce from the land and sea, legendary salads, spectacular seafood, world renowned vegetarian fare alongside mouth watering Underground Coffee. Food is the fuel for the vehicle that is our body. Our aim is to fuel you with the food that offers the sustenance and nourishment our busy lives demand. Dux was the original vegetarian restaurant in Christchurch.\r\n\r\nOur historic brew bar offers a relaxed environment to meet friends and unwind at the end of the day, watch your favourite sport, catch the band or just watch the world go by. An institution in the live music scene, the Dux de Lux is one of New Zealand's premier venues for showcasing emerging new talent. From rock to dub, jazz to hip hop and every genre in-between, many nights a week come and check out New Zealands next big act. Many of the countrys top artists and bands have grown up with the Dux de Lux - you may just see one tonight!","website":"http://www.thedux.co.nz/","established":"1978","isOrganic":"N","images":{"icon":"https://s3.amazonaws.com/brewerydbapi/brewery/wmZQ8Q/upload_AgWKCq-icon.png","medium":"https://s3.amazonaws.com/brewerydbapi/brewery/wmZQ8Q/upload_AgWKCq-medium.png","large":"https://s3.amazonaws.com/brewerydbapi/brewery/wmZQ8Q/upload_AgWKCq-large.png"},"status":"verified","statusDisplay":"Verified","createDate":"2012-01-03 02:41:53","updateDate":"2012-06-29 21:30:04","locations":[{"id":"cI3CMG","name":"Queenstown","streetAddress":"14-16 Church Street","locality":"Queenstown","region":"New Zealand","phone":"03 442 9688","website":"http://www.thedux.co.nz/","latitude":-45.033027,"longitude":168.661348,"isPrimary":"Y","inPlanning":"N","isClosed":"N","openToPublic":"Y","locationType":"brewpub","locationTypeDisplay":"Brewpub","countryIsoCode":"NZ","status":"verified","statusDisplay":"Verified","createDate":"2012-01-03 02:41:53","updateDate":"2014-07-23 19:11:34","country":{"isoCode":"NZ","name":"NEW ZEALAND","displayName":"New Zealand","isoThree":"NZL","numberCode":554,"createDate":"2012-01-03 02:41:33"}},{"id":"vBo3rk","name":"Christchurch","streetAddress":"41 Hereford Street","locality":"Christchurch","region":"New Zealand","phone":"03 366 6919","hoursOfOperation":"10.30am  to late Monday through Sunday","latitude":-43.532033,"longitude":172.630086,"isPrimary":"N","inPlanning":"N","isClosed":"N","openToPublic":"Y","locationType":"brewpub","locationTypeDisplay":"Brewpub","countryIsoCode":"NZ","status":"verified","statusDisplay":"Verified","createDate":"2012-06-29 21:26:01","updateDate":"2014-07-23 19:11:34","country":{"isoCode":"NZ","name":"NEW ZEALAND","displayName":"New Zealand","isoThree":"NZL","numberCode":554,"createDate":"2012-01-03 02:41:33"}}]},{"id":"To2bZ1","name":"Ringwood Brewery","description":"We take two things seriously\r\nat Ringwood Brewery:\r\nour beer and leisure time...\r\n\r\nAlong with creating quality craft ales, we are also relaxation enthusiasts.\r\n\r\nOur motto is Visit the Winding Downs - a place to enjoy some quality time with friends.","website":"http://www.ringwoodbrewery.co.uk","established":"1978","isOrganic":"N","images":{"icon":"https://s3.amazonaws.com/brewerydbapi/brewery/To2bZ1/upload_USEByY-icon.png","medium":"https://s3.amazonaws.com/brewerydbapi/brewery/To2bZ1/upload_USEByY-medium.png","large":"https://s3.amazonaws.com/brewerydbapi/brewery/To2bZ1/upload_USEByY-large.png"},"status":"verified","statusDisplay":"Verified","createDate":"2014-05-02 12:50:30","updateDate":"2014-05-02 12:54:48","locations":[{"id":"KZHVw2","name":"Main Brewery","streetAddress":"138 Christchurch Rd.","locality":"Ringwood","region":"Hants","postalCode":"BH24 3AP","phone":"+44 1425 470303","website":"http://www.ringwoodbrewery.co.uk/","hoursOfOperation":"Mon - Sat: 9:30 am - 5:00 pm","latitude":50.8408222,"longitude":-1.7869858,"isPrimary":"Y","inPlanning":"N","isClosed":"N","openToPublic":"Y","locationType":"micro","locationTypeDisplay":"Micro Brewery","countryIsoCode":"GB","yearOpened":"1978","status":"verified","statusDisplay":"Verified","createDate":"2014-05-02 12:52:51","updateDate":"2014-07-23 19:11:34","country":{"isoCode":"GB","name":"UNITED KINGDOM","displayName":"United Kingdom","isoThree":"GBR","numberCode":826,"createDate":"2012-01-03 02:41:33"}}]}]