[{"id":"WfHl3C","name":"Main Brewery","streetAddress":"Gunnar Clausens Vej 26","locality":"Aarhus","postalCode":"86892040","phone":"+45 8689 2840","isPrimary":"Y","inPlanning":"N","isClosed":"N","openToPublic":"Y","locationType":"micro","locationTypeDisplay":"Micro Brewery","countryIsoCode":"DK","yearOpened":"1986","status":"verified","statusDisplay":"Verified","createDate":"2012-12-15 14:45:17","updateDate":"2014-07-23 19:11:34","country":{"isoCode":"DK","name":"DENMARK","displayName":"Denmark","isoThree":"DNK","numberCode":208,"createDate":"2012-01-03 02:41:33"}},{"id":"d8IJKF","name":"Main Brewery","streetAddress":"PO Box 1510","locality":"Abita Springs","region":"Louisiana","postalCode":"70420","phone":"800-737-2311","latitude":30.482408,"longitude":-90.056605,"isPrimary":"N","inPlanning":"N","isClosed":"N","openToPublic":"N","locationType":"office","locationTypeDisplay":"Office","countryIsoCode":"US","yearOpened":"1986","status":"verified","statusDisplay":"Verified","createDate":"2012-01-03 02:41:43","updateDate":"2014-07-23 19:11:34","country":{"isoCode":"US","name":"UNITED STATES","displayName":"United States","isoThree":"USA","numberCode":840,"createDate":"2012-01-03 02:41:33"}},{"id":"PdSE1h","name":"Tasting Room","streetAddress":"21084 Louisiana 36","locality":"Abita Springs","region":"Louisiana","postalCode":"70433","hoursOfOperation":"Wed:  2:00pm - 3:00pm\nThu:  2:00pm - 3:00pm\nFri:  2:00pm - 3:00pm\nSat:  10:00am - 3:00pm\n\n","latitude":30.482138,"longitude":-90.055185,"isPrimary":"N","inPlanning":"N","isClosed":"N","openToPublic":"Y","locationType":"micro","locationTypeDisplay":"Micro Brewery","countryIsoCode":"US","status":"verified","statusDisplay":"Verified","createDate":"2012-09-29 14:34:50","updateDate":"2014-07-23 19:38:49","country":{"isoCode":"US","name":"UNITED STATES","displayName":"United States","isoThree":"USA","numberCode":840,"createDate":"2012-01-03 02:41:33"}},{"id":"1xB2B8","name":"Brewpub","streetAddress":"72011 Holly Street","locality":"Abita Springs","region":"Louisiana","postalCode":"70420","phone":"(985) 892-5837","website":"http://www.abitabrewpub.com/","hoursOfOperation":"Tue:  11:00am - 9:00pm\nWed:  11:00am - 9:00pm\nThu:  11:00am - 9:00pm\nFri:  11:00am - 10:00pm\nSat:  11:00am - 10:00pm\nSun:  11:00am - 9:00pm\n\n","latitude":30.4787288,"longitude":-90.0388438,"isPrimary":"Y","inPlanning":"N","isClosed":"N","openToPublic":"Y","locationType":"brewpub","locationTypeDisplay":"Brewpub","countryIsoCode":"US","yearOpened":"2004","status":"verified","statusDisplay":"Verified","createDate":"2012-09-29 14:36:40","updateDate":"2014-07-23 19:38:50","country":{"isoCode":"US","name":"UNITED STATES","displayName":"United States","isoThree":"USA","numberCode":840,"createDate":"2012-01-03 02:41:33"}},{"id":"krIs45","name":"Main Location","streetAddress":"5429 Shaune Dr","locality":"Juneau","region":"Alaska","postalCode":"99801-9540","phone":"907-780-5866","website":"http://www.alaskanbeer.com/","hoursOfOperation":"Mon:  8:00am - 5:00pm\nTue:  11:00am - 5:00pm\n\nBusiness hours:\r\n8 a.m. - 5 p.m., Monday - Friday\r\n\r\nGift shop and tour hours:\r\nWinter Hours: October - April: 11 a.m. - 5:00 p.m., Tuesday - Saturday\r\nSummer Hours: May - September: 11 a.m. - 6 p.m., 7 days a week","latitude":58.3570171,"longitude":-134.4893459,"isPrimary":"Y","inPlanning":"N","isClosed":"N","openToPublic":"Y","locationType":"micro","locationTypeDisplay":"Micro Brewery","countryIsoCode":"US","yearOpened":"1986","status":"verified","statusDisplay":"Verified","createDate":"2012-01-03 02:41:43","updateDate":"2014-11-18 19:59:20","country":{"isoCode":"US","name":"UNITED STATES","displayName":"United States","isoThree":"USA","numberCode":840,"createDate":"2012-01-03 02:41:33"}},{"id":"uihwma","name":"Main Brewery","streetAddress":"21 Bathurst St.","locality":"Toronto","region":"Ontario","postalCode":"M5V 2N6","phone":"416-504-1040","website":"http://www.amsterdambeer.com/","latitude":43.6386872,"longitude":-79.4003535,"isPrimary":"Y","inPlanning":"N","isClosed":"N","openToPublic":"Y","locationType":"micro","locationTypeDisplay":"Micro Brewery","countryIsoCode":"CA","yearOpened":"1986","status":"verified","statusDisplay":"Verified","createDate":"2012-01-03 02:41:44","updateDate":"2014-07-23 19:11:34","country":{"isoCode":"CA","name":"CANADA","displayName":"Canada","isoThree":"CAN","numberCode":124,"createDate":"2012-01-03 02:41:33"}},{"id":"UI6I9b","name":"Main Brewery","streetAddress":"Schmiedestraße 13","locality":"Hannover","region":"Lower Saxony","postalCode":"30159","latitude":52.372278,"longitude":9.738157,"isPrimary":"Y","inPlanning":"N","isClosed":"N","openToPublic":"Y","locationType":"micro","locationTypeDisplay":"Micro Brewery","countryIsoCode":"DE","status":"verified","statusDisplay":"Verified","createDate":"2012-08-13 01:29:27","updateDate":"2014-07-23 19:11:34","country":{"isoCode":"DE","name":"GERMANY","displayName":"Germany","isoThree":"DEU","numberCode":276,"createDate":"2012-01-03 02:41:33"}},{"id":"Tp0B4R","name":"Main Brewery","streetAddress":"Schoolstraat 45b","locality":"Ettelgem","postalCode":"B-8460","latitude":51.1799896,"longitude":3.0298038,"isPrimary":"Y","inPlanning":"N","isClosed":"Y","openToPublic":"Y","locationType":"micro","locationTypeDisplay":"Micro Brewery","countryIsoCode":"BE","yearOpened":"1986","status":"verified","statusDisplay":"Verified","createDate":"2012-01-03 02:41:48","updateDate":"2014-07-23 19:11:34","country":{"isoCode":"BE","name":"BELGIUM","displayName":"Belgium","isoThree":"BEL","numberCode":56,"createDate":"2012-01-03 02:41:33"}},{"id":"pgCqU6","name":"Main Brewery","streetAddress":"6861 Main Street","locality":"Buffalo","region":"New York","postalCode":"14221","phone":"716-632-0552","website":"http://www.buffalobrewpub.com/","latitude":42.964881,"longitude":-78.697825,"isPrimary":"Y","inPlanning":"N","isClosed":"N","openToPublic":"Y","locationType":"brewpub","locationTypeDisplay":"Brewpub","countryIsoCode":"US","yearOpened":"1986","status":"verified","statusDisplay":"Verified","createDate":"2012-01-03 02:41:49","updateDate":"2014-07-23 19:11:34","country":{"isoCode":"US","name":"UNITED STATES","displayName":"United States","isoThree":"USA","numberCode":840,"createDate":"2012-01-03 02:41:33"}},{"id":"AGRvvY","name":"Main Brewery","streetAddress":"336 Ruth Carney Drive","locality":"Windsor","region":"Vermont","postalCode":"05089","phone":"802-674-5491","website":"http://www.harpoonbrewery.com/","latitude":43.5130201,"longitude":-72.4016913,"isPrimary":"Y","inPlanning":"N","isClosed":"N","openToPublic":"Y","locationType":"micro","locationTypeDisplay":"Micro Brewery","countryIsoCode":"US","yearOpened":"1986","status":"verified","statusDisplay":"Verified","createDate":"2012-01-03 02:41:57","updateDate":"2014-10-06 15:45:55","country":{"isoCode":"US","name":"UNITED STATES","displayName":"United States","isoThree":"USA","numberCode":840,"createDate":"2012-01-03 02:41:33"}},{"id":"9aSjFg","name":"Boston","streetAddress":"306 Northern Avenue","locality":"Boston","region":"Massachusetts","postalCode":"02210","phone":"1-888-HARPOON","website":"http://www.harpoonbrewery.com","latitude":42.3465,"longitude":-71.033843,"isPrimary":"N","inPlanning":"N","isClosed":"N","openToPublic":"N","locationType":"micro","locationTypeDisplay":"Micro Brewery","countryIsoCode":"US","yearOpened":"1986","status":"verified","statusDisplay":"Verified","createDate":"2012-01-03 02:42:15","updateDate":"2014-09-26 14:01:43","country":{"isoCode":"US","name":"UNITED STATES","displayName":"United States","isoThree":"USA","numberCode":840,"createDate":"2012-01-03 02:41:33"}},{"id":"Ez9FvZ","name":"Ste-Catherine","streetAddress":"732 Ste-Catherine St. W.","locality":"Montreal","region":"Quebec","phone":"514.788.6333","website":"http://www.les3brasseurs.ca/eng/ste_catherine.php","hoursOfOperation":"Monday: 11:30 - 24:00\r\nTuesday: 11:30 - 24:00\r\nWednesday: 11:30 - 24:00\r\nThursday: 11:30 - 1:00\r\nFriday: 11:30 - 2:00\r\nSaturday: 11:30 - 2:00\r\nSunday: 11:30 - 24:00","latitude":45.510741,"longitude":-73.616518,"isPrimary":"N","inPlanning":"N","isClosed":"N","openToPublic":"Y","locationType":"brewpub","locationTypeDisplay":"Brewpub","countryIsoCode":"CA","yearOpened":"1986","status":"verified","statusDisplay":"Verified","createDate":"2012-02-24 14:55:08","updateDate":"2014-07-23 19:11:34","country":{"isoCode":"CA","name":"CANADA","displayName":"Canada","isoThree":"CAN","numberCode":124,"createDate":"2012-01-03 02:41:33"}},{"id":"rIs450","name":"St-Denis","streetAddress":"1658 St-Denis St.","locality":"Montreal","region":"Quebec","phone":"514.845.1660","website":"http://www.les3brasseurs.ca/eng/st_denis.php","hoursOfOperation":"Monday: 11:30 - 24:00\r\nTuesday: 11:30 - 24:00\r\nWednesday: 11:30 - 24:00\r\nThursday: 11:30 - 1:00\r\nFriday: 11:30 - 2:00\r\nSaturday: 11:30 - 2:00\r\nSunday: 11:30 - 24:00","latitude":45.515171,"longitude":-73.563611,"isPrimary":"N","inPlanning":"N","isClosed":"N","openToPublic":"Y","locationType":"brewpub","locationTypeDisplay":"Brewpub","countryIsoCode":"CA","yearOpened":"1986","status":"verified","statusDisplay":"Verified","createDate":"2012-02-24 14:58:29","updateDate":"2014-07-23 19:11:34","country":{"isoCode":"CA","name":"CANADA","displayName":"Canada","isoThree":"CAN","numberCode":124,"createDate":"2012-01-03 02:41:33"}},{"id":"TcasER","name":"St-Paul","streetAddress":"105 St-Paul St. E.","locality":"Montreal","region":"Qubec","phone":"514.788.6100","website":"http://www.les3brasseurs.ca/eng/st_paul.php","hoursOfOperation":"Monday: 11:30 - 24:00\r\nTuesday: 11:30 - 24:00\r\nWednesday: 11:30 - 24:00\r\nThursday: 11:30 - 1:00\r\nFriday: 11:30 - 2:00\r\nSaturday: 11:30 - 2:00\r\nSunday: 11:30 - 24:00","latitude":45.50669,"longitude":-73.55297,"isPrimary":"N","inPlanning":"N","isClosed":"N","openToPublic":"Y","locationType":"brewpub","locationTypeDisplay":"Brewpub","countryIsoCode":"CA","yearOpened":"1986","status":"verified","statusDisplay":"Verified","createDate":"2012-02-24 15:00:30","updateDate":"2014-07-23 19:11:34","country":{"isoCode":"CA","name":"CANADA","displayName":"Canada","isoThree":"CAN","numberCode":124,"createDate":"2012-01-03 02:41:33"}},{"id":"5wJgNs","name":"Crescent","streetAddress":"1356 St-Catherine St. W.","locality":"Montreal","region":"Quebec","phone":"514.788.9788","website":"http://www.les3brasseurs.ca/eng/crescent.php","hoursOfOperation":"Monday: 11:30 - 24:00\r\nTuesday: 11:30 - 24:00\r\nWednesday: 11:30 - 24:00\r\nThursday: 11:30 - 1:00\r\nFriday: 11:30 - 2:00\r\nSaturday: 11:30 - 2:00\r\nSunday: 11:30 - 24:00","latitude":45.49728,"longitude":-73.57561,"isPrimary":"N","inPlanning":"N","isClosed":"N","openToPublic":"Y","locationType":"brewpub","locationTypeDisplay":"Brewpub","countryIsoCode":"CA","yearOpened":"1986","status":"verified","statusDisplay":"Verified","createDate":"2012-02-24 15:02:50","updateDate":"2014-07-23 19:11:34","country":{"isoCode":"CA","name":"CANADA","displayName":"Canada","isoThree":"CAN","numberCode":124,"createDate":"2012-01-03 02:41:33"}},{"id":"iG2UXJ","name":"Brossard","streetAddress":"9316 Bl Leduc","locality":"Rossard","region":"Quebec","phone":"450.676.7215","website":"http://www.les3brasseurs.ca/eng/brossard.php","hoursOfOperation":"Monday: 11:30 - 24:00\r\nTuesday: 11:30 - 24:00\r\nWednesday: 11:30 - 24:00\r\nThursday: 11:30 - 1:00\r\nFriday: 11:30 - 2:00\r\nSaturday: 11:30 - 2:00\r\nSunday: 11:30 - 24:00","latitude":53.788383,"longitude":-68.431139,"isPrimary":"N","inPlanning":"N","isClosed":"N","openToPublic":"Y","locationType":"brewpub","locationTypeDisplay":"Brewpub","countryIsoCode":"CA","yearOpened":"1986","status":"verified","statusDisplay":"Verified","createDate":"2012-02-24 15:04:34","updateDate":"2014-07-23 19:11:34","country":{"isoCode":"CA","name":"CANADA","displayName":"Canada","isoThree":"CAN","numberCode":124,"createDate":"2012-01-03 02:41:33"}},{"id":"KZlIgk","name":"Pepeete","streetAddress":"Avenue Pomaré","locality":"Papette","region":"Tahiti","phone":"00 689 50 60 25","latitude":-17.53235,"longitude":-149.56784,"isPrimary":"N","inPlanning":"N","isClosed":"N","openToPublic":"Y","locationType":"brewpub","locationTypeDisplay":"Brewpub","countryIsoCode":"PF","yearOpened":"1986","status":"verified","statusDisplay":"Verified","createDate":"2012-02-24 15:04:48","updateDate":"2014-07-23 19:11:34","country":{"isoCode":"PF","name":"FRENCH POLYNESIA","displayName":"French Polynesia","isoThree":"PYF","numberCode":258,"createDate":"2012-01-03 02:41:33"}},{"id":"wtU6qB","name":"Centropolis Laval","streetAddress":"2900 Ave. Pierre-Péladeau","locality":"Laval","region":"Quebec","phone":"450.988.4848","website":"http://www.les3brasseurs.ca/eng/laval_centropolis.php","hoursOfOperation":"Monday: 11:30 - 24:00\r\nTuesday: 11:30 - 24:00\r\nWednesday: 11:30 - 24:00\r\nThursday: 11:30 - 1:00\r\nFriday: 11:30 - 2:00\r\nSaturday: 11:30 - 2:00\r\nSunday: 11:30 - 24:00","latitude":45.563379,"longitude":-73.744603,"isPrimary":"N","inPlanning":"N","isClosed":"N","openToPublic":"Y","locationType":"brewpub","locationTypeDisplay":"Brewpub","countryIsoCode":"CA","yearOpened":"1986","status":"verified","statusDisplay":"Verified","createDate":"2012-02-24 15:06:14","updateDate":"2014-07-23 19:11:34","country":{"isoCode":"CA","name":"CANADA","displayName":"Canada","isoThree":"CAN","numberCode":124,"createDate":"2012-01-03 02:41:33"}},{"id":"ZDCuzc","name":"Anjou","streetAddress":"7225 Bl des Galeries d'Anjou","locality":"Anjou","region":"Quebec","phone":"514.351.5591","website":"http://www.les3brasseurs.ca/eng/anjou.php","hoursOfOperation":"Monday: 11:30 - 24:00\r\nTuesday: 11:30 - 24:00\r\nWednesday: 11:30 - 24:00\r\nThursday: 11:30 - 1:00\r\nFriday: 11:30 - 2:00\r\nSaturday: 11:30 - 2:00\r\nSunday: 11:30 - 24:00","latitude":45.596574,"longitude":-73.561124,"isPrimary":"N","inPlanning":"N","isClosed":"N","openToPublic":"Y","locationType":"brewpub","locationTypeDisplay":"Brewpub","countryIsoCode":"CA","yearOpened":"1986","status":"verified","statusDisplay":"Verified","createDate":"2012-02-24 15:07:56","updateDate":"2014-07-23 19:11:34","country":{"isoCode":"CA","name":"CANADA","displayName":"Canada","isoThree":"CAN","numberCode":124,"createDate":"2012-01-03 02:41:33"}},{"id":"nqeXIU","name":"Laurier (Ste-Foy)","streetAddress":"2450 Laurier Blvd","locality":"Quebec City","region":"Quebec","postalCode":"G1V 2L1","phone":"418.914.6515","website":"http://www.les3brasseurs.ca/eng/laurier.php","hoursOfOperation":"Monday: 11:30 - 24:00\r\nTuesday: 11:30 - 24:00\r\nWednesday: 11:30 - 24:00\r\nThursday: 11:30 - 1:00\r\nFriday: 11:30 - 2:00\r\nSaturday: 11:30 - 2:00\r\nSunday: 11:30 - 24:00","latitude":46.773721,"longitude":-71.275929,"isPrimary":"N","inPlanning":"N","isClosed":"N","openToPublic":"Y","locationType":"brewpub","locationTypeDisplay":"Brewpub","countryIsoCode":"CA","yearOpened":"1986","status":"verified","statusDisplay":"Verified","createDate":"2012-02-24 15:09:48","updateDate":"2014-07-23 19:11:34","country":{"isoCode":"CA","name":"CANADA","displayName":"Canada","isoThree":"CAN","numberCode":124,"createDate":"2012-01-03 02:41:33"}},{"id":"QANLRv","name":"Tronto","streetAddress":"275 Yonge Street","locality":"Toronto","region":"Ontario","phone":"647.347.6286","website":"http://www.les3brasseurs.ca/eng/toronto_yonge.php","hoursOfOperation":"Monday: 11:30 - 24:00\r\nTuesday: 11:30 - 24:00\r\nWednesday: 11:30 - 24:00\r\nThursday: 11:30 - 2:00\r\nFriday: 11:30 - 2:00\r\nSaturday: 11:30 - 2:00\r\nSunday: 11:30 - 24:00","latitude":43.655375,"longitude":-79.380514,"isPrimary":"N","inPlanning":"N","isClosed":"N","openToPublic":"Y","locationType":"brewpub","locationTypeDisplay":"Brewpub","countryIsoCode":"CA","yearOpened":"1986","status":"verified","statusDisplay":"Verified","createDate":"2012-02-24 15:11:51","updateDate":"2014-07-23 19:11:34","country":{"isoCode":"CA","name":"CANADA","displayName":"Canada","isoThree":"CAN","numberCode":124,"createDate":"2012-01-03 02:41:33"}},{"id":"enoxkn","name":"Nouvelle-Calédonie","streetAddress":"33 Promenade Roger Laroque","locality":"Nouméa","region":"Province Sud","phone":"00 687 24 15 16","latitude":-22.29965,"longitude":166.43882,"isPrimary":"N","inPlanning":"N","isClosed":"N","openToPublic":"Y","locationType":"brewpub","locationTypeDisplay":"Brewpub","countryIsoCode":"NC","yearOpened":"1986","status":"verified","statusDisplay":"Verified","createDate":"2012-02-24 15:14:34","updateDate":"2014-07-23 19:11:34","country":{"isoCode":"NC","name":"NEW CALEDONIA","displayName":"New Caledonia","isoThree":"NCL","numberCode":540,"createDate":"2012-01-03 02:41:33"}},{"id":"H7XluE","name":"Saint-Pierre","streetAddress":"Zone Industrielle N° 2 Basse Terre","locality":"Saint Pierre","postalCode":"97410","latitude":-21.318005,"longitude":55.47793,"isPrimary":"N","inPlanning":"N","isClosed":"N","openToPublic":"Y","locationType":"brewpub","locationTypeDisplay":"Brewpub","countryIsoCode":"RE","yearOpened":"1986","status":"verified","statusDisplay":"Verified","createDate":"2012-02-24 15:20:03","updateDate":"2014-07-23 19:11:34","country":{"isoCode":"RE","name":"REUNION","displayName":"Reunion","isoThree":"REU","numberCode":638,"createDate":"2012-01-03 02:41:33"}},{"id":"tRGa3f","name":"Saint-Denis","streetAddress":"Boulevard Lancastel Place Regnault","locality":"Saint Denis","postalCode":"97400","latitude":-20.87853,"longitude":55.45828,"isPrimary":"N","inPlanning":"N","isClosed":"N","openToPublic":"Y","locationType":"brewpub","locationTypeDisplay":"Brewpub","countryIsoCode":"RE","yearOpened":"1986","status":"verified","statusDisplay":"Verified","createDate":"2012-02-24 15:21:18","updateDate":"2014-07-23 19:11:34","country":{"isoCode":"RE","name":"REUNION","displayName":"Reunion","isoThree":"REU","numberCode":638,"createDate":"2012-01-03 02:41:33"}},{"id":"VkzOD6","name":"Englos","streetAddress":"ZAC Auchan Englos","locality":"Englos","postalCode":"59320","phone":"03 20 10 82 40","latitude":50.626703,"longitude":2.957086,"isPrimary":"N","inPlanning":"N","isClosed":"N","openToPublic":"Y","locationType":"brewpub","locationTypeDisplay":"Brewpub","countryIsoCode":"FR","yearOpened":"1986","status":"verified","statusDisplay":"Verified","createDate":"2012-02-24 15:25:17","updateDate":"2014-07-23 19:11:34","country":{"isoCode":"FR","name":"FRANCE","displayName":"France","isoThree":"FRA","numberCode":250,"createDate":"2012-01-03 02:41:33"}},{"id":"84iCMX","name":"Lyon","streetAddress":"ZAC dSt. Priestu Champ du Pont Boulevard A. Boulloche","locality":"Saint Priest","region":"Lyon","postalCode":"69800","phone":"04 72 37 92 00","latitude":45.723152,"longitude":4.935624,"isPrimary":"N","inPlanning":"N","isClosed":"N","openToPublic":"Y","locationType":"brewpub","locationTypeDisplay":"Brewpub","countryIsoCode":"FR","yearOpened":"1986","status":"verified","statusDisplay":"Verified","createDate":"2012-02-24 15:27:51","updateDate":"2014-07-23 19:11:34","country":{"isoCode":"FR","name":"FRANCE","displayName":"France","isoThree":"FRA","numberCode":250,"createDate":"2012-01-03 02:41:33"}},{"id":"kOR0Vy","name":"Reims","streetAddress":"73 place Drouet d'Erlon","locality":"Reims","postalCode":"51100","phone":"03 26 47 86 28","latitude":49.256292,"longitude":4.02656,"isPrimary":"N","inPlanning":"N","isClosed":"N","openToPublic":"Y","locationType":"brewpub","locationTypeDisplay":"Brewpub","countryIsoCode":"FR","yearOpened":"1986","status":"verified","statusDisplay":"Verified","createDate":"2012-02-24 15:30:45","updateDate":"2014-07-23 19:11:34","country":{"isoCode":"FR","name":"FRANCE","displayName":"France","isoThree":"FRA","numberCode":250,"createDate":"2012-01-03 02:41:33"}},{"id":"Mi9ofP","name":"Nantes","streetAddress":"ZAC DE LA JAUNAIE","extendedAddress":"CC Auchan","locality":"Nantes","postalCode":"44230","phone":"02 40 03 30 23","latitude":47.190361,"longitude":-1.493395,"isPrimary":"N","inPlanning":"N","isClosed":"N","openToPublic":"Y","locationType":"brewpub","locationTypeDisplay":"Brewpub","countryIsoCode":"FR","yearOpened":"1986","status":"verified","statusDisplay":"Verified","createDate":"2012-02-24 15:32:26","updateDate":"2014-07-23 19:11:34","country":{"isoCode":"FR","name":"FRANCE","displayName":"France","isoThree":"FRA","numberCode":250,"createDate":"2012-01-03 02:41:33"}},{"id":"z1scoq","name":"Lomme","streetAddress":"Zone Artisanale du Grand But","locality":"Lomme","postalCode":"59160","phone":"03 20 17 11 66","latitude":50.643736,"longitude":2.961188,"isPrimary":"N","inPlanning":"N","isClosed":"N","openToPublic":"Y","locationType":"brewpub","locationTypeDisplay":"Brewpub","countryIsoCode":"FR","yearOpened":"1986","status":"verified","statusDisplay":"Verified","createDate":"2012-02-24 15:35:06","updateDate":"2014-07-23 19:11:34","country":{"isoCode":"FR","name":"FRANCE","displayName":"France","isoThree":"FRA","numberCode":250,"createDate":"2012-01-03 02:41:33"}},{"id":"bLbQyH","name":"Dunkerque","streetAddress":"CC Pôle Marine Rue des fusiliers marins","locality":"Dunkerque","postalCode":"59140","phone":"03 28 59 60 60","latitude":51.036995,"longitude":2.37693,"isPrimary":"N","inPlanning":"N","isClosed":"N","openToPublic":"Y","locationType":"brewpub","locationTypeDisplay":"Brewpub","countryIsoCode":"FR","yearOpened":"1986","status":"verified","statusDisplay":"Verified","createDate":"2012-02-24 15:39:26","updateDate":"2014-07-23 19:11:34","country":{"isoCode":"FR","name":"FRANCE","displayName":"France","isoThree":"FRA","numberCode":250,"createDate":"2012-01-03 02:41:33"}},{"id":"DfKF7i","name":"Coquelles","streetAddress":"1001, Boulevard du Kent","locality":"Coquelles","postalCode":"62231","phone":"03 21 85 30 02","latitude":50.934464,"longitude":1.811312,"isPrimary":"N","inPlanning":"N","isClosed":"N","openToPublic":"Y","locationType":"brewpub","locationTypeDisplay":"Brewpub","countryIsoCode":"FR","yearOpened":"1986","status":"verified","statusDisplay":"Verified","createDate":"2012-02-24 15:40:16","updateDate":"2014-07-23 19:11:34","country":{"isoCode":"FR","name":"FRANCE","displayName":"France","isoThree":"FRA","numberCode":250,"createDate":"2012-01-03 02:41:33"}},{"id":"pz33H9","name":"Saint-Denis","streetAddress":"23, Rue Jules Rimet","locality":"Saint-Denis","postalCode":"93200","latitude":48.924482,"longitude":2.362567,"isPrimary":"N","inPlanning":"N","isClosed":"N","openToPublic":"Y","locationType":"brewpub","locationTypeDisplay":"Brewpub","countryIsoCode":"FR","yearOpened":"1986","status":"verified","statusDisplay":"Verified","createDate":"2012-02-24 15:41:07","updateDate":"2014-07-23 19:11:34","country":{"isoCode":"FR","name":"FRANCE","displayName":"France","isoThree":"FRA","numberCode":250,"createDate":"2012-01-03 02:41:33"}},{"id":"SIlrQa","name":"Lille","streetAddress":"22 Place de la Gare","locality":"Lille","postalCode":"59800","phone":"03 20 06 46 25","latitude":50.636081,"longitude":3.069726,"isPrimary":"N","inPlanning":"N","isClosed":"N","openToPublic":"Y","locationType":"brewpub","locationTypeDisplay":"Brewpub","countryIsoCode":"FR","yearOpened":"1986","status":"verified","statusDisplay":"Verified","createDate":"2012-02-24 15:42:17","updateDate":"2014-07-23 19:11:34","country":{"isoCode":"FR","name":"FRANCE","displayName":"France","isoThree":"FRA","numberCode":250,"createDate":"2012-01-03 02:41:33"}},{"id":"4cUfa1","name":"Labège","streetAddress":"Rue P-G de Gennes","locality":"Labège Cedex","region":"Toulouse","postalCode":"31319","phone":"05 62 88 82 22","latitude":43.539446,"longitude":1.52099,"isPrimary":"N","inPlanning":"N","isClosed":"N","openToPublic":"Y","locationType":"brewpub","locationTypeDisplay":"Brewpub","countryIsoCode":"FR","yearOpened":"1986","status":"verified","statusDisplay":"Verified","createDate":"2012-02-24 15:44:47","updateDate":"2014-07-23 19:11:34","country":{"isoCode":"FR","name":"FRANCE","displayName":"France","isoThree":"FRA","numberCode":250,"createDate":"2012-01-03 02:41:33"}},{"id":"gwDTjS","name":"Carré Sénart","streetAddress":"63, Place Ouest CC Carré-Sénart","locality":"Lieusaint","postalCode":"77566","phone":"01 64 13 65 65","latitude":48.618272,"longitude":2.544193,"isPrimary":"N","inPlanning":"N","isClosed":"N","openToPublic":"Y","locationType":"brewpub","locationTypeDisplay":"Brewpub","countryIsoCode":"FR","yearOpened":"1986","status":"verified","statusDisplay":"Verified","createDate":"2012-02-24 15:46:07","updateDate":"2014-07-23 19:11:34","country":{"isoCode":"FR","name":"FRANCE","displayName":"France","isoThree":"FRA","numberCode":250,"createDate":"2012-01-03 02:41:33"}},{"id":"JFwHst","name":"Amiens","streetAddress":"15 Avenue de Grèce","locality":"Amiens","postalCode":"80090","phone":"03 22 33 67 50","latitude":49.868474,"longitude":2.280178,"isPrimary":"N","inPlanning":"N","isClosed":"N","openToPublic":"Y","locationType":"brewpub","locationTypeDisplay":"Brewpub","countryIsoCode":"FR","yearOpened":"1986","status":"verified","statusDisplay":"Verified","createDate":"2012-02-24 15:50:30","updateDate":"2014-07-23 19:11:34","country":{"isoCode":"FR","name":"FRANCE","displayName":"France","isoThree":"FRA","numberCode":250,"createDate":"2012-01-03 02:41:33"}},{"id":"vZf62K","name":"Nïmes","streetAddress":"Bd Salvador Allende","locality":"Nimes","postalCode":"30900","phone":"04 66 75 77 60","latitude":43.818559,"longitude":4.349771,"isPrimary":"N","inPlanning":"N","isClosed":"N","openToPublic":"Y","locationType":"brewpub","locationTypeDisplay":"Brewpub","countryIsoCode":"FR","yearOpened":"1986","status":"verified","statusDisplay":"Verified","createDate":"2012-02-24 15:53:57","updateDate":"2014-07-23 19:11:34","country":{"isoCode":"FR","name":"FRANCE","displayName":"France","isoThree":"FRA","numberCode":250,"createDate":"2012-01-03 02:41:33"}},{"id":"XtNuBl","name":"Eragny","streetAddress":"9, rue des Erables","extendedAddress":"Lieu dit Clos de Santeuil","locality":"Eragny","region":"Sur Oise","postalCode":"95610","phone":"01 30 37 06 03","latitude":49.01903,"longitude":2.091075,"isPrimary":"N","inPlanning":"N","isClosed":"N","openToPublic":"Y","locationType":"brewpub","locationTypeDisplay":"Brewpub","countryIsoCode":"FR","yearOpened":"1986","status":"verified","statusDisplay":"Verified","createDate":"2012-02-24 15:55:55","updateDate":"2014-07-23 19:11:34","country":{"isoCode":"FR","name":"FRANCE","displayName":"France","isoThree":"FRA","numberCode":250,"createDate":"2012-01-03 02:41:33"}},{"id":"AD6iLC","name":"Bruay La Buissiere","streetAddress":"Zone de la Porte Nord","locality":"Bruay La Buissiere","postalCode":"62700","phone":"03 21 54 71 35","latitude":50.489007,"longitude":2.568337,"isPrimary":"N","inPlanning":"N","isClosed":"N","openToPublic":"Y","locationType":"brewpub","locationTypeDisplay":"Brewpub","countryIsoCode":"FR","yearOpened":"1986","status":"verified","statusDisplay":"Verified","createDate":"2012-02-24 15:56:53","updateDate":"2014-07-23 19:11:34","country":{"isoCode":"FR","name":"FRANCE","displayName":"France","isoThree":"FRA","numberCode":250,"createDate":"2012-01-03 02:41:33"}},{"id":"mWpWUd","name":"Augny","streetAddress":"ZAC d'Augny 2000","locality":"Augny","region":"METZ","postalCode":"57685","phone":"03 87 52 22 66","latitude":49.05907,"longitude":6.121505,"isPrimary":"N","inPlanning":"N","isClosed":"N","openToPublic":"Y","locationType":"brewpub","locationTypeDisplay":"Brewpub","countryIsoCode":"FR","yearOpened":"1986","status":"verified","statusDisplay":"Verified","createDate":"2012-02-24 15:57:56","updateDate":"2014-07-23 19:11:34","country":{"isoCode":"FR","name":"FRANCE","displayName":"France","isoThree":"FRA","numberCode":250,"createDate":"2012-01-03 02:41:33"}},{"id":"OqYKe4","name":"VALENCIENNES Petite Forêt","streetAddress":"ZAC Auchan 48, Avenue F. Mitterrand","locality":"VALENCIENNES Petite Forêt","postalCode":"59494","phone":"03 27 09 99 29","latitude":50.370439,"longitude":3.47259,"isPrimary":"N","inPlanning":"N","isClosed":"N","openToPublic":"Y","locationType":"brewpub","locationTypeDisplay":"Brewpub","countryIsoCode":"FR","yearOpened":"1986","status":"verified","statusDisplay":"Verified","createDate":"2012-02-24 15:58:57","updateDate":"2014-07-23 19:11:34","country":{"isoCode":"FR","name":"FRANCE","displayName":"France","isoThree":"FRA","numberCode":250,"createDate":"2012-01-03 02:41:33"}},{"id":"1AH8nV","name":"Clermont Aubiere","streetAddress":"14, Avenue Lavoisier","locality":"Clermont Aubiere","postalCode":"63170","phone":"04 73 15 10 00","latitude":45.75716,"longitude":3.142388,"isPrimary":"N","inPlanning":"N","isClosed":"N","openToPublic":"Y","locationType":"brewpub","locationTypeDisplay":"Brewpub","countryIsoCode":"FR","yearOpened":"1986","status":"verified","statusDisplay":"Verified","createDate":"2012-02-24 16:00:02","updateDate":"2014-07-23 19:11:34","country":{"isoCode":"FR","name":"FRANCE","displayName":"France","isoThree":"FRA","numberCode":250,"createDate":"2012-01-03 02:41:33"}},{"id":"dTzwww","name":"Montpellier","streetAddress":"1, Place de France Odysseum","locality":"Montpellier","postalCode":"34000","phone":"04 67 20 14 48","latitude":43.610855,"longitude":3.87609,"isPrimary":"N","inPlanning":"N","isClosed":"N","openToPublic":"Y","locationType":"brewpub","locationTypeDisplay":"Brewpub","countryIsoCode":"FR","yearOpened":"1986","status":"verified","statusDisplay":"Verified","createDate":"2012-02-24 16:00:48","updateDate":"2014-07-23 19:11:34","country":{"isoCode":"FR","name":"FRANCE","displayName":"France","isoThree":"FRA","numberCode":250,"createDate":"2012-01-03 02:41:33"}},{"id":"Fnil6N","name":"Avignon Le Pontet","streetAddress":"ZAC du Tronquet","extendedAddress":"Lieu dit Les Daulands","locality":"Avignon Le Pontet","postalCode":"84130","phone":"04 90 02 16 30","latitude":43.96188,"longitude":4.859935,"isPrimary":"N","inPlanning":"N","isClosed":"N","openToPublic":"Y","locationType":"brewpub","locationTypeDisplay":"Brewpub","countryIsoCode":"FO","yearOpened":"1986","status":"verified","statusDisplay":"Verified","createDate":"2012-02-24 16:02:32","updateDate":"2014-07-23 19:11:34","country":{"isoCode":"FO","name":"FAROE ISLANDS","displayName":"Faroe Islands","isoThree":"FRO","numberCode":234,"createDate":"2012-01-03 02:41:33"}},{"id":"URANPF","name":"Saran","streetAddress":"1006 Rte Nationale 20","locality":"Saran","postalCode":"45770","phone":"02 38 83 91 50","latitude":47.950244,"longitude":1.874622,"isPrimary":"N","inPlanning":"N","isClosed":"N","openToPublic":"Y","locationType":"brewpub","locationTypeDisplay":"Brewpub","countryIsoCode":"FR","yearOpened":"1986","status":"verified","statusDisplay":"Verified","createDate":"2012-02-24 16:03:53","updateDate":"2014-07-23 19:11:34","country":{"isoCode":"FR","name":"FRANCE","displayName":"France","isoThree":"FRA","numberCode":250,"createDate":"2012-01-03 02:41:33"}},{"id":"6ktBYg","name":"Grenoble Echirolles","streetAddress":"Avenue du 8 mai 1945","locality":"Grenoble Echirolles","postalCode":"38130","phone":"04 76 29 17 53","latitude":45.15105,"longitude":5.718149,"isPrimary":"N","inPlanning":"N","isClosed":"N","openToPublic":"Y","locationType":"brewpub","locationTypeDisplay":"Brewpub","countryIsoCode":"FR","yearOpened":"1986","status":"verified","statusDisplay":"Verified","createDate":"2012-02-24 16:05:00","updateDate":"2014-07-23 19:11:34","country":{"isoCode":"FR","name":"FRANCE","displayName":"France","isoThree":"FRA","numberCode":250,"createDate":"2012-01-03 02:41:33"}},{"id":"j4bzi7","name":"Roncq","streetAddress":"Boulevard d'Halluin CC Auchan","locality":"Rancq","postalCode":"59223","phone":"03 20 28 28 88","latitude":50.756332,"longitude":3.120975,"isPrimary":"N","inPlanning":"N","isClosed":"N","openToPublic":"Y","locationType":"brewpub","locationTypeDisplay":"Brewpub","countryIsoCode":"FR","yearOpened":"1986","status":"verified","statusDisplay":"Verified","createDate":"2012-02-24 16:05:50","updateDate":"2014-07-23 19:11:34","country":{"isoCode":"FR","name":"FRANCE","displayName":"France","isoThree":"FRA","numberCode":250,"createDate":"2012-01-03 02:41:33"}},{"id":"LOKnrY","name":"Noyelles Godault","streetAddress":"CC Auchan Lieu dit Riez Trancheux","locality":"Noyelles Godault","postalCode":"62950","phone":"03 21 13 79 80","latitude":50.419954,"longitude":2.994949,"isPrimary":"N","inPlanning":"N","isClosed":"N","openToPublic":"Y","locationType":"brewpub","locationTypeDisplay":"Brewpub","countryIsoCode":"FR","yearOpened":"1986","status":"verified","statusDisplay":"Verified","createDate":"2012-02-24 16:07:22","updateDate":"2014-07-23 19:11:34","country":{"isoCode":"FR","name":"FRANCE","displayName":"France","isoThree":"FRA","numberCode":250,"createDate":"2012-01-03 02:41:33"}},{"id":"xi3c0z","name":"CAEN Mondeville","streetAddress":"ZA de L'Etoile Route de Paris","locality":"CAEN Mondeville","postalCode":"14120","phone":"02 31 35 49 49","latitude":49.168625,"longitude":-0.319669,"isPrimary":"N","inPlanning":"N","isClosed":"N","openToPublic":"Y","locationType":"brewpub","locationTypeDisplay":"Brewpub","countryIsoCode":"FR","yearOpened":"1986","status":"verified","statusDisplay":"Verified","createDate":"2012-02-24 16:08:18","updateDate":"2014-07-23 19:11:34","country":{"isoCode":"FR","name":"FRANCE","displayName":"France","isoThree":"FRA","numberCode":250,"createDate":"2012-01-03 02:41:33"}},{"id":"a1mQAQ","name":"COMPIEGNE Jaux","streetAddress":"ZAC du camp udu Roy Avenue Jean Moulin","locality":"COMPIEGNE Jaux","postalCode":"60880","phone":"03 44 36 45 36","latitude":49.408071,"longitude":2.773649,"isPrimary":"N","inPlanning":"N","isClosed":"N","openToPublic":"Y","locationType":"brewpub","locationTypeDisplay":"Brewpub","countryIsoCode":"FR","yearOpened":"1986","status":"verified","statusDisplay":"Verified","createDate":"2012-02-24 16:09:18","updateDate":"2014-07-23 19:11:34","country":{"isoCode":"FR","name":"FRANCE","displayName":"France","isoThree":"FRA","numberCode":250,"createDate":"2012-01-03 02:41:33"}},{"id":"CLVEJr","name":"ROUEN Grand Quevilly","streetAddress":"24, Bd Pierre Brossolette","locality":"ROUEN Grand Quevilly","postalCode":"76120","phone":"02 32 11 01 01","latitude":49.408235,"longitude":1.05078,"isPrimary":"N","inPlanning":"N","isClosed":"N","openToPublic":"Y","locationType":"brewpub","locationTypeDisplay":"Brewpub","countryIsoCode":"FR","yearOpened":"1986","status":"verified","statusDisplay":"Verified","createDate":"2012-02-24 16:10:47","updateDate":"2014-07-23 19:11:34","country":{"isoCode":"FR","name":"FRANCE","displayName":"France","isoThree":"FRA","numberCode":250,"createDate":"2012-01-03 02:41:33"}},{"id":"E2hUXa","name":"Main Brewery","streetAddress":"19 Kent St","region":"Sydney","postalCode":"2000","phone":"+61 2 9251 4044","website":"http://www.lordnelsonbrewery.com","hoursOfOperation":"Mon - Sat: 11:00 am - 11:00 pm\r\nSun: 12:00 pm - 10:00 pm","latitude":-33.858176,"longitude":151.203357,"isPrimary":"Y","inPlanning":"N","isClosed":"N","openToPublic":"Y","locationType":"micro","locationTypeDisplay":"Micro Brewery","countryIsoCode":"AU","status":"verified","statusDisplay":"Verified","createDate":"2014-02-08 17:33:45","updateDate":"2014-07-23 19:11:34","country":{"isoCode":"AU","name":"AUSTRALIA","displayName":"Australia","isoThree":"AUS","numberCode":36,"createDate":"2012-01-03 02:41:33"}},{"id":"G1Jsyq","name":"Main Brewery","streetAddress":"800 Vinial St.","locality":"Pittsburgh","region":"Pennsylvania","postalCode":"15212","phone":"412-237-9400","website":"http://www.pennbrew.com/","latitude":40.4567765,"longitude":-79.9913373,"isPrimary":"Y","inPlanning":"N","isClosed":"N","openToPublic":"Y","locationType":"micro","locationTypeDisplay":"Micro Brewery","countryIsoCode":"US","yearOpened":"1848","status":"verified","statusDisplay":"Verified","createDate":"2012-01-03 02:42:05","updateDate":"2014-07-23 19:11:34","country":{"isoCode":"US","name":"UNITED STATES","displayName":"United States","isoThree":"USA","numberCode":840,"createDate":"2012-01-03 02:41:33"}},{"id":"CZ6MCK","name":"Main Brewery","streetAddress":"14800 San Pedro Avenue","locality":"San Antonio","region":"Texas","postalCode":"78232","phone":"1-210-490-9128","website":"http://www.peteswicked.com/","latitude":29.576234,"longitude":-98.477251,"isPrimary":"Y","inPlanning":"N","isClosed":"Y","openToPublic":"Y","locationType":"micro","locationTypeDisplay":"Micro Brewery","countryIsoCode":"US","yearClosed":"2011","status":"verified","statusDisplay":"Verified","createDate":"2012-01-03 02:42:05","updateDate":"2014-07-23 19:11:34","country":{"isoCode":"US","name":"UNITED STATES","displayName":"United States","isoThree":"USA","numberCode":840,"createDate":"2012-01-03 02:41:33"}},{"id":"QhISs9","name":"Main Brewery","streetAddress":"2730 NW 31st Avenue","locality":"Portland","region":"Oregon","postalCode":"97210","phone":"1-503-226-7623","website":"http://www.portlandbrewing.com","hoursOfOperation":"Monday: 11:00am - 9:00pm\r\nTuesday - Thursday: 11:00am - 10:00pm\r\nFriday: 11:00am - 11:00pm\r\nSaturday: 12:00pm - 11:00pm\r\nSunday: 12:00pm - 9:00pm","latitude":45.5413214,"longitude":-122.713156,"isPrimary":"Y","inPlanning":"N","isClosed":"N","openToPublic":"Y","locationType":"brewpub","locationTypeDisplay":"Brewpub","countryIsoCode":"US","status":"verified","statusDisplay":"Verified","createDate":"2012-01-03 02:42:06","updateDate":"2014-07-23 19:11:34","country":{"isoCode":"US","name":"UNITED STATES","displayName":"United States","isoThree":"USA","numberCode":840,"createDate":"2012-01-03 02:41:33"}},{"id":"PXjMMP","name":"Steam Plant Grill","streetAddress":"159 South Lincoln Street","locality":"Spokane","region":"Washington","postalCode":"99201","phone":"(509) 777-3900","website":"http://www.steamplantspokane.com","hoursOfOperation":"Mon - Thu: 3:00 pm - 10:00 pm\r\nFri - Sat: 3:00 pm - 11:00 pm\r\nSun: 3:00 pm - 10:00 pm","latitude":47.655047,"longitude":-117.424552,"isPrimary":"Y","inPlanning":"N","isClosed":"N","openToPublic":"N","locationType":"micro","locationTypeDisplay":"Micro Brewery","countryIsoCode":"US","yearOpened":"1986","status":"verified","statusDisplay":"Verified","createDate":"2012-01-03 02:42:14","updateDate":"2014-07-23 19:11:34","country":{"isoCode":"US","name":"UNITED STATES","displayName":"United States","isoThree":"USA","numberCode":840,"createDate":"2012-01-03 02:41:33"}},{"id":"iDB3hf","name":"Main Brewery","streetAddress":"910 Montreal Circle","locality":"Saint Paul","region":"Minnesota","postalCode":"55102","phone":"651-265-7800","website":"http://www.summitbrewing.com/","hoursOfOperation":"Tours\r\nTues. & Thurs. at 1:00pm AND Sat. at 10:30am & 1:00pm ALL tours require reservations. Visit summitbrewing.com to book online or call 651-265-7800 for reservations.","latitude":44.913934,"longitude":-93.139635,"isPrimary":"Y","inPlanning":"N","isClosed":"N","openToPublic":"Y","locationType":"micro","locationTypeDisplay":"Micro Brewery","countryIsoCode":"US","yearOpened":"1986","status":"verified","statusDisplay":"Verified","createDate":"2012-01-03 02:42:09","updateDate":"2014-07-23 19:11:34","country":{"isoCode":"US","name":"UNITED STATES","displayName":"United States","isoThree":"USA","numberCode":840,"createDate":"2012-01-03 02:41:33"}},{"id":"XLGxj4","name":"Main Brewery","streetAddress":"34 Clarence Street","locality":"Kingston","region":"Ontario","postalCode":"K7L 1W9","phone":"613-542-4978","website":"http://www.kingstonbrewing.ca/","latitude":44.2291717,"longitude":-76.480844,"isPrimary":"Y","inPlanning":"N","isClosed":"N","openToPublic":"Y","locationType":"brewpub","locationTypeDisplay":"Brewpub","countryIsoCode":"CA","yearOpened":"1986","status":"verified","statusDisplay":"Verified","createDate":"2012-01-03 02:42:10","updateDate":"2014-07-23 19:11:34","country":{"isoCode":"CA","name":"CANADA","displayName":"Canada","isoThree":"CAN","numberCode":124,"createDate":"2012-01-03 02:41:33"}},{"id":"ipp2nB","name":"Main Brewery","streetAddress":"1920 Shattuck Avenue","locality":"Berkeley","region":"California","postalCode":"94704","phone":"510-843-2739","website":"http://triplerock.com/","hoursOfOperation":"Monday – 11:30 – 1am\r\nTuesday – 11:30 – 1am\r\nWednesday – 11:30 – 1am\r\nThursday – 11:30 – 2am\r\nFriday – 11:30 – 2am\r\nSaturday – 11:30 – 2am\r\nSunday – 11:30 – 12am","latitude":37.8734244,"longitude":-122.2685448,"isPrimary":"Y","inPlanning":"N","isClosed":"N","openToPublic":"Y","locationType":"micro","locationTypeDisplay":"Micro Brewery","countryIsoCode":"US","yearOpened":"1986","status":"verified","statusDisplay":"Verified","createDate":"2012-01-03 02:42:10","updateDate":"2014-07-23 19:11:34","country":{"isoCode":"US","name":"UNITED STATES","displayName":"United States","isoThree":"USA","numberCode":840,"createDate":"2012-01-03 02:41:33"}},{"id":"q3a5ty","name":"Main Brewery","streetAddress":"1763 South 300 West","locality":"Salt Lake City","region":"Utah","postalCode":"84115","phone":"801-466-8855","website":"http://www.utahbeers.com/","latitude":40.7322287,"longitude":-111.8996689,"isPrimary":"Y","inPlanning":"N","isClosed":"N","openToPublic":"Y","locationType":"micro","locationTypeDisplay":"Micro Brewery","countryIsoCode":"US","yearOpened":"1986","status":"verified","statusDisplay":"Verified","createDate":"2012-01-03 02:42:11","updateDate":"2014-07-23 19:11:34","country":{"isoCode":"US","name":"UNITED STATES","displayName":"United States","isoThree":"USA","numberCode":840,"createDate":"2012-01-03 02:41:33"}},{"id":"eN6UkZ","name":"Main Brewery","streetAddress":"250 Main Street","locality":"Park City","region":"Utah","postalCode":"84060","phone":"435-649-0900","website":"http://www.wasatchbeers.com/","latitude":40.6417724,"longitude":-111.4946778,"isPrimary":"Y","inPlanning":"N","isClosed":"N","openToPublic":"Y","locationType":"brewpub","locationTypeDisplay":"Brewpub","countryIsoCode":"US","yearOpened":"1986","status":"verified","statusDisplay":"Verified","createDate":"2012-01-03 02:42:12","updateDate":"2014-07-23 19:11:34","country":{"isoCode":"US","name":"UNITED STATES","displayName":"United States","isoThree":"USA","numberCode":840,"createDate":"2012-01-03 02:41:33"}},{"id":"Rs3OQM","name":"Main Brewery","streetAddress":"6810 Caratoke Hwy","locality":"Grandy","region":"North Carolina","postalCode":"27947","phone":"252-491-5205","website":"http://www.weepingradish.com/","hoursOfOperation":"PUB & Retail Hours\r\nMonday: Closed\r\nTuesday, Wednesday & Thursday: 11 -4\r\nFriday & Saturday: 11 - 4 / Sunday: 12 - 4","latitude":36.2197049,"longitude":-75.869811,"isPrimary":"Y","inPlanning":"N","isClosed":"N","openToPublic":"Y","locationType":"micro","locationTypeDisplay":"Micro Brewery","countryIsoCode":"US","yearOpened":"1986","status":"verified","statusDisplay":"Verified","createDate":"2012-01-03 02:42:12","updateDate":"2014-07-23 19:11:34","country":{"isoCode":"US","name":"UNITED STATES","displayName":"United States","isoThree":"USA","numberCode":840,"createDate":"2012-01-03 02:41:33"}}]